"province_id","city_id","country_id","town_id","village_id","province","city","country","town","village"
"54","01","02","002","001","西藏自治区","拉萨市","城关区","八廓街道办事处","绕赛社区"
"54","01","02","002","002","西藏自治区","拉萨市","城关区","八廓街道办事处","白林社区"
"54","01","02","002","003","西藏自治区","拉萨市","城关区","八廓街道办事处","鲁固社区"
"54","01","02","002","004","西藏自治区","拉萨市","城关区","八廓街道办事处","八廓社区"
"54","01","02","002","005","西藏自治区","拉萨市","城关区","八廓街道办事处","冲赛康社区"
"54","01","02","002","006","西藏自治区","拉萨市","城关区","八廓街道办事处","丹杰林社区"
"54","01","02","002","007","西藏自治区","拉萨市","城关区","八廓街道办事处","夏萨苏社区"
"54","01","02","003","001","西藏自治区","拉萨市","城关区","吉日街道办事处","铁崩岗社区"
"54","01","02","003","002","西藏自治区","拉萨市","城关区","吉日街道办事处","八朗学社区"
"54","01","02","003","003","西藏自治区","拉萨市","城关区","吉日街道办事处","河坝林社区"
"54","01","02","003","004","西藏自治区","拉萨市","城关区","吉日街道办事处","吉日社区"
"54","01","02","004","001","西藏自治区","拉萨市","城关区","吉崩岗街道办事处","吉崩岗社区"
"54","01","02","004","002","西藏自治区","拉萨市","城关区","吉崩岗街道办事处","热木其社区"
"54","01","02","004","003","西藏自治区","拉萨市","城关区","吉崩岗街道办事处","策门林社区"
"54","01","02","004","004","西藏自治区","拉萨市","城关区","吉崩岗街道办事处","木如社区"
"54","01","02","005","001","西藏自治区","拉萨市","城关区","扎细街道办事处","扎细社区"
"54","01","02","005","002","西藏自治区","拉萨市","城关区","扎细街道办事处","扎细新村社区"
"54","01","02","005","003","西藏自治区","拉萨市","城关区","扎细街道办事处","雄嘎社区"
"54","01","02","005","004","西藏自治区","拉萨市","城关区","扎细街道办事处","团结新村社区"
"54","01","02","005","006","西藏自治区","拉萨市","城关区","扎细街道办事处","尼卓林社区"
"54","01","02","006","001","西藏自治区","拉萨市","城关区","公德林街道办事处","加措社区"
"54","01","02","006","003","西藏自治区","拉萨市","城关区","公德林街道办事处","拉鲁社区"
"54","01","02","006","005","西藏自治区","拉萨市","城关区","公德林街道办事处","幸福社区"
"54","01","02","006","006","西藏自治区","拉萨市","城关区","公德林街道办事处","雪社区"
"54","01","02","007","001","西藏自治区","拉萨市","城关区","嘎玛贡桑街道办事处","俄杰塘社区"
"54","01","02","007","002","西藏自治区","拉萨市","城关区","嘎玛贡桑街道办事处","纳金路北社区"
"54","01","02","007","003","西藏自治区","拉萨市","城关区","嘎玛贡桑街道办事处","统建社区"
"54","01","02","007","004","西藏自治区","拉萨市","城关区","嘎玛贡桑街道办事处","嘎玛贡桑社区"
"54","01","02","008","001","西藏自治区","拉萨市","城关区","两岛街道办事处","仙足岛社区"
"54","01","02","008","002","西藏自治区","拉萨市","城关区","两岛街道办事处","甲玛林卡社区"
"54","01","02","009","001","西藏自治区","拉萨市","城关区","金珠西路街道办事处","金珠西路社区"
"54","01","02","009","003","西藏自治区","拉萨市","城关区","金珠西路街道办事处","洛堆社区"
"54","01","02","009","005","西藏自治区","拉萨市","城关区","金珠西路街道办事处","当巴社区"
"54","01","02","009","006","西藏自治区","拉萨市","城关区","金珠西路街道办事处","八一社区"
"54","01","02","200","201","西藏自治区","拉萨市","城关区","蔡公堂乡","次角林村"
"54","01","02","200","202","西藏自治区","拉萨市","城关区","蔡公堂乡","白定村"
"54","01","02","200","203","西藏自治区","拉萨市","城关区","蔡公堂乡","蔡公堂村"
"54","01","02","201","001","西藏自治区","拉萨市","城关区","纳金乡","纳如社区"
"54","01","02","201","002","西藏自治区","拉萨市","城关区","纳金乡","加荣社区"
"54","01","02","201","003","西藏自治区","拉萨市","城关区","纳金乡","藏热社区"
"54","01","02","201","201","西藏自治区","拉萨市","城关区","纳金乡","嘎巴村"
"54","01","02","201","203","西藏自治区","拉萨市","城关区","纳金乡","塔玛村"
"54","01","02","201","204","西藏自治区","拉萨市","城关区","纳金乡","纳金村"
"54","01","02","202","001","西藏自治区","拉萨市","城关区","娘热乡","阿坝林卡社区"
"54","01","02","202","002","西藏自治区","拉萨市","城关区","娘热乡","慈松堂社区"
"54","01","02","202","201","西藏自治区","拉萨市","城关区","娘热乡","吉苏村"
"54","01","02","202","202","西藏自治区","拉萨市","城关区","娘热乡","仁钦蔡村"
"54","01","02","202","203","西藏自治区","拉萨市","城关区","娘热乡","加尔西村"
"54","01","02","203","001","西藏自治区","拉萨市","城关区","夺底乡","桑伊社区"
"54","01","02","203","201","西藏自治区","拉萨市","城关区","夺底乡","洛欧村"
"54","01","02","203","202","西藏自治区","拉萨市","城关区","夺底乡","维巴村"
"54","01","21","100","201","西藏自治区","拉萨市","林周县","甘丹曲果镇","甘丹曲果村"
"54","01","21","100","202","西藏自治区","拉萨市","林周县","甘丹曲果镇","朱加村"
"54","01","21","100","203","西藏自治区","拉萨市","林周县","甘丹曲果镇","觉布村"
"54","01","21","100","204","西藏自治区","拉萨市","林周县","甘丹曲果镇","江角村"
"54","01","21","100","205","西藏自治区","拉萨市","林周县","甘丹曲果镇","朗当村"
"54","01","21","100","206","西藏自治区","拉萨市","林周县","甘丹曲果镇","久荣村"
"54","01","21","200","201","西藏自治区","拉萨市","林周县","春堆乡","春堆村"
"54","01","21","200","202","西藏自治区","拉萨市","林周县","春堆乡","卡东村"
"54","01","21","200","203","西藏自治区","拉萨市","林周县","春堆乡","洛巴堆村"
"54","01","21","201","201","西藏自治区","拉萨市","林周县","松盘乡","松盘村"
"54","01","21","201","202","西藏自治区","拉萨市","林周县","松盘乡","白定村"
"54","01","21","201","203","西藏自治区","拉萨市","林周县","松盘乡","岗巴村"
"54","01","21","201","204","西藏自治区","拉萨市","林周县","松盘乡","拉木村"
"54","01","21","202","201","西藏自治区","拉萨市","林周县","强嘎乡","强嘎村"
"54","01","21","202","202","西藏自治区","拉萨市","林周县","强嘎乡","典冲村"
"54","01","21","202","203","西藏自治区","拉萨市","林周县","强嘎乡","曲嘎强村"
"54","01","21","202","204","西藏自治区","拉萨市","林周县","强嘎乡","切玛村"
"54","01","21","202","205","西藏自治区","拉萨市","林周县","强嘎乡","连布村"
"54","01","21","203","201","西藏自治区","拉萨市","林周县","卡孜乡","卡孜村"
"54","01","21","203","202","西藏自治区","拉萨市","林周县","卡孜乡","托门村"
"54","01","21","203","203","西藏自治区","拉萨市","林周县","卡孜乡","懂村"
"54","01","21","203","204","西藏自治区","拉萨市","林周县","卡孜乡","克布村"
"54","01","21","203","205","西藏自治区","拉萨市","林周县","卡孜乡","田嘎村"
"54","01","21","203","206","西藏自治区","拉萨市","林周县","卡孜乡","白朗村"
"54","01","21","204","201","西藏自治区","拉萨市","林周县","边交林乡","当杰村"
"54","01","21","204","202","西藏自治区","拉萨市","林周县","边交林乡","卡优村"
"54","01","21","204","203","西藏自治区","拉萨市","林周县","边交林乡","色康村"
"54","01","21","205","201","西藏自治区","拉萨市","林周县","江热夏乡","江热夏村"
"54","01","21","205","202","西藏自治区","拉萨市","林周县","江热夏乡","连巴村"
"54","01","21","205","203","西藏自治区","拉萨市","林周县","江热夏乡","加荣村"
"54","01","21","205","204","西藏自治区","拉萨市","林周县","江热夏乡","拉定村"
"54","01","21","205","205","西藏自治区","拉萨市","林周县","江热夏乡","卡日村"
"54","01","21","206","201","西藏自治区","拉萨市","林周县","阿朗乡","拉康村"
"54","01","21","206","202","西藏自治区","拉萨市","林周县","阿朗乡","嘎列村"
"54","01","21","206","203","西藏自治区","拉萨市","林周县","阿朗乡","布岗村"
"54","01","21","206","204","西藏自治区","拉萨市","林周县","阿朗乡","阿布村"
"54","01","21","207","201","西藏自治区","拉萨市","林周县","唐古乡","藏雄村"
"54","01","21","207","202","西藏自治区","拉萨市","林周县","唐古乡","唐古村"
"54","01","21","207","203","西藏自治区","拉萨市","林周县","唐古乡","恰扎村"
"54","01","21","207","204","西藏自治区","拉萨市","林周县","唐古乡","江多村"
"54","01","21","208","202","西藏自治区","拉萨市","林周县","旁多乡","达龙村"
"54","01","21","208","203","西藏自治区","拉萨市","林周县","旁多乡","日布村"
"54","01","21","208","204","西藏自治区","拉萨市","林周县","旁多乡","加给村"
"54","01","21","208","205","西藏自治区","拉萨市","林周县","旁多乡","宁布村"
"54","01","21","208","206","西藏自治区","拉萨市","林周县","旁多乡","帮多村"
"54","01","22","100","001","西藏自治区","拉萨市","当雄县","当曲卡镇","当曲社区"
"54","01","22","100","002","西藏自治区","拉萨市","当雄县","当曲卡镇","曲登社区"
"54","01","22","101","001","西藏自治区","拉萨市","当雄县","羊八井镇","桑巴萨社区"
"54","01","22","101","201","西藏自治区","拉萨市","当雄县","羊八井镇","拉多村"
"54","01","22","101","202","西藏自治区","拉萨市","当雄县","羊八井镇","恰玛村"
"54","01","22","200","201","西藏自治区","拉萨市","当雄县","格达乡","格达村"
"54","01","22","200","202","西藏自治区","拉萨市","当雄县","格达乡","羊易村"
"54","01","22","200","203","西藏自治区","拉萨市","当雄县","格达乡","甲多村"
"54","01","22","200","204","西藏自治区","拉萨市","当雄县","格达乡","央热村"
"54","01","22","201","201","西藏自治区","拉萨市","当雄县","宁中乡","堆灵村"
"54","01","22","201","202","西藏自治区","拉萨市","当雄县","宁中乡","巴灵村"
"54","01","22","201","203","西藏自治区","拉萨市","当雄县","宁中乡","曲才村"
"54","01","22","201","204","西藏自治区","拉萨市","当雄县","宁中乡","麦灵村"
"54","01","22","202","201","西藏自治区","拉萨市","当雄县","公塘乡","冲嘎村"
"54","01","22","202","202","西藏自治区","拉萨市","当雄县","公塘乡","拉根村"
"54","01","22","202","203","西藏自治区","拉萨市","当雄县","公塘乡","甲根村"
"54","01","22","202","204","西藏自治区","拉萨市","当雄县","公塘乡","巴嘎当村"
"54","01","22","203","201","西藏自治区","拉萨市","当雄县","龙仁乡","龙仁村"
"54","01","22","203","202","西藏自治区","拉萨市","当雄县","龙仁乡","郭庆村"
"54","01","22","203","203","西藏自治区","拉萨市","当雄县","龙仁乡","曲登羊阁村"
"54","01","22","204","201","西藏自治区","拉萨市","当雄县","乌玛塘乡","巴嘎村"
"54","01","22","204","202","西藏自治区","拉萨市","当雄县","乌玛塘乡","赫如村"
"54","01","22","204","203","西藏自治区","拉萨市","当雄县","乌玛塘乡","郭尼村"
"54","01","22","204","204","西藏自治区","拉萨市","当雄县","乌玛塘乡","纳龙村"
"54","01","22","205","201","西藏自治区","拉萨市","当雄县","纳木湖乡","色德村"
"54","01","22","205","202","西藏自治区","拉萨市","当雄县","纳木湖乡","纳木湖村"
"54","01","22","205","203","西藏自治区","拉萨市","当雄县","纳木湖乡","达布村"
"54","01","22","205","204","西藏自治区","拉萨市","当雄县","纳木湖乡","恰嘎村"
"54","01","23","100","201","西藏自治区","拉萨市","尼木县","塔荣镇","塔荣村"
"54","01","23","100","202","西藏自治区","拉萨市","尼木县","塔荣镇","雪拉村"
"54","01","23","100","203","西藏自治区","拉萨市","尼木县","塔荣镇","东松村"
"54","01","23","100","204","西藏自治区","拉萨市","尼木县","塔荣镇","尚日村"
"54","01","23","100","205","西藏自治区","拉萨市","尼木县","塔荣镇","巴古村"
"54","01","23","100","206","西藏自治区","拉萨市","尼木县","塔荣镇","林岗村"
"54","01","23","200","201","西藏自治区","拉萨市","尼木县","麻江乡","朗堆村"
"54","01","23","200","202","西藏自治区","拉萨市","尼木县","麻江乡","达琼村"
"54","01","23","200","203","西藏自治区","拉萨市","尼木县","麻江乡","强聂村"
"54","01","23","201","201","西藏自治区","拉萨市","尼木县","普松乡","普松村"
"54","01","23","201","202","西藏自治区","拉萨市","尼木县","普松乡","如白村"
"54","01","23","201","203","西藏自治区","拉萨市","尼木县","普松乡","曲水村"
"54","01","23","202","201","西藏自治区","拉萨市","尼木县","卡如乡","卡如村"
"54","01","23","202","202","西藏自治区","拉萨市","尼木县","卡如乡","泽南村"
"54","01","23","203","201","西藏自治区","拉萨市","尼木县","尼木乡","尼木村"
"54","01","23","203","202","西藏自治区","拉萨市","尼木县","尼木乡","曲林村"
"54","01","23","203","203","西藏自治区","拉萨市","尼木县","尼木乡","日措村"
"54","01","23","203","204","西藏自治区","拉萨市","尼木县","尼木乡","聂玉村"
"54","01","23","203","205","西藏自治区","拉萨市","尼木县","尼木乡","东嘎村"
"54","01","23","203","206","西藏自治区","拉萨市","尼木县","尼木乡","尼荣村"
"54","01","23","203","207","西藏自治区","拉萨市","尼木县","尼木乡","普巴村"
"54","01","23","204","201","西藏自治区","拉萨市","尼木县","续迈乡","续迈村"
"54","01","23","204","202","西藏自治区","拉萨市","尼木县","续迈乡","霍德村"
"54","01","23","204","203","西藏自治区","拉萨市","尼木县","续迈乡","安岗村"
"54","01","23","204","204","西藏自治区","拉萨市","尼木县","续迈乡","尼续村"
"54","01","23","204","205","西藏自治区","拉萨市","尼木县","续迈乡","河东村"
"54","01","23","204","206","西藏自治区","拉萨市","尼木县","续迈乡","山岗村"
"54","01","23","205","201","西藏自治区","拉萨市","尼木县","帕古乡","帕古村"
"54","01","23","205","202","西藏自治区","拉萨市","尼木县","帕古乡","彭岗村"
"54","01","23","206","201","西藏自治区","拉萨市","尼木县","吞巴乡","吞达村"
"54","01","23","206","202","西藏自治区","拉萨市","尼木县","吞巴乡","根培村"
"54","01","23","206","203","西藏自治区","拉萨市","尼木县","吞巴乡","吞普村"
"54","01","24","100","201","西藏自治区","拉萨市","曲水县","曲水镇","曲水村"
"54","01","24","100","202","西藏自治区","拉萨市","曲水县","曲水镇","曲甫村"
"54","01","24","100","203","西藏自治区","拉萨市","曲水县","曲水镇","茶巴朗村"
"54","01","24","200","201","西藏自治区","拉萨市","曲水县","达嘎乡","达嘎村"
"54","01","24","200","202","西藏自治区","拉萨市","曲水县","达嘎乡","色普村"
"54","01","24","200","203","西藏自治区","拉萨市","曲水县","达嘎乡","色达村"
"54","01","24","200","204","西藏自治区","拉萨市","曲水县","达嘎乡","其奴村"
"54","01","24","201","201","西藏自治区","拉萨市","曲水县","才纳乡","才纳村"
"54","01","24","201","202","西藏自治区","拉萨市","曲水县","才纳乡","白堆村"
"54","01","24","201","203","西藏自治区","拉萨市","曲水县","才纳乡","协荣村"
"54","01","24","202","201","西藏自治区","拉萨市","曲水县","南木乡","南木村"
"54","01","24","202","202","西藏自治区","拉萨市","曲水县","南木乡","江村"
"54","01","24","203","201","西藏自治区","拉萨市","曲水县","聂当乡","德吉村"
"54","01","24","203","202","西藏自治区","拉萨市","曲水县","聂当乡","热堆村"
"54","01","24","204","201","西藏自治区","拉萨市","曲水县","茶巴拉乡","柏林村"
"54","01","24","204","202","西藏自治区","拉萨市","曲水县","茶巴拉乡","茶巴拉村"
"54","01","24","204","203","西藏自治区","拉萨市","曲水县","茶巴拉乡","色麦村"
"54","01","26","100","201","西藏自治区","拉萨市","达孜县","德庆镇","德庆村"
"54","01","26","100","202","西藏自治区","拉萨市","达孜县","德庆镇","桑株林村"
"54","01","26","100","203","西藏自治区","拉萨市","达孜县","德庆镇","白纳村"
"54","01","26","100","204","西藏自治区","拉萨市","达孜县","德庆镇","新仓村"
"54","01","26","200","201","西藏自治区","拉萨市","达孜县","塔杰乡","塔杰村"
"54","01","26","200","202","西藏自治区","拉萨市","达孜县","塔杰乡","主西村"
"54","01","26","200","203","西藏自治区","拉萨市","达孜县","塔杰乡","巴嘎雪村"
"54","01","26","201","201","西藏自治区","拉萨市","达孜县","章多乡","章多村"
"54","01","26","201","202","西藏自治区","拉萨市","达孜县","章多乡","恰村"
"54","01","26","201","203","西藏自治区","拉萨市","达孜县","章多乡","尊木采村"
"54","01","26","201","204","西藏自治区","拉萨市","达孜县","章多乡","拉木村"
"54","01","26","202","201","西藏自治区","拉萨市","达孜县","唐嘎乡","唐嘎村"
"54","01","26","202","202","西藏自治区","拉萨市","达孜县","唐嘎乡","洛普村"
"54","01","26","202","203","西藏自治区","拉萨市","达孜县","唐嘎乡","穷达村"
"54","01","26","203","201","西藏自治区","拉萨市","达孜县","雪乡","扎西岗村"
"54","01","26","203","202","西藏自治区","拉萨市","达孜县","雪乡","雪普村"
"54","01","26","204","201","西藏自治区","拉萨市","达孜县","帮堆乡","帮堆村"
"54","01","26","204","202","西藏自治区","拉萨市","达孜县","帮堆乡","克日村"
"54","01","26","204","203","西藏自治区","拉萨市","达孜县","帮堆乡","林阿村"
"54","01","26","204","204","西藏自治区","拉萨市","达孜县","帮堆乡","叶巴村"
"54","01","27","100","201","西藏自治区","拉萨市","墨竹工卡县","工卡镇","工卡村"
"54","01","27","100","202","西藏自治区","拉萨市","墨竹工卡县","工卡镇","塔巴村"
"54","01","27","100","203","西藏自治区","拉萨市","墨竹工卡县","工卡镇","格桑村"
"54","01","27","200","201","西藏自治区","拉萨市","墨竹工卡县","扎雪乡","扎雪村"
"54","01","27","200","202","西藏自治区","拉萨市","墨竹工卡县","扎雪乡","其朗村"
"54","01","27","200","203","西藏自治区","拉萨市","墨竹工卡县","扎雪乡","格老窝村"
"54","01","27","200","204","西藏自治区","拉萨市","墨竹工卡县","扎雪乡","米洛村"
"54","01","27","200","205","西藏自治区","拉萨市","墨竹工卡县","扎雪乡","塔杰村"
"54","01","27","200","206","西藏自治区","拉萨市","墨竹工卡县","扎雪乡","龙珠岗村"
"54","01","27","201","201","西藏自治区","拉萨市","墨竹工卡县","门巴乡","巴尔卡村"
"54","01","27","201","202","西藏自治区","拉萨市","墨竹工卡县","门巴乡","仁多岗村"
"54","01","27","201","203","西藏自治区","拉萨市","墨竹工卡县","门巴乡","德仲村"
"54","01","27","201","204","西藏自治区","拉萨市","墨竹工卡县","门巴乡","波尔朗村"
"54","01","27","201","205","西藏自治区","拉萨市","墨竹工卡县","门巴乡","达珠村"
"54","01","27","201","206","西藏自治区","拉萨市","墨竹工卡县","门巴乡","贴朗村"
"54","01","27","202","201","西藏自治区","拉萨市","墨竹工卡县","扎西岗乡","扎西岗村"
"54","01","27","202","202","西藏自治区","拉萨市","墨竹工卡县","扎西岗乡","加尔多村"
"54","01","27","202","203","西藏自治区","拉萨市","墨竹工卡县","扎西岗乡","巴洛村"
"54","01","27","202","204","西藏自治区","拉萨市","墨竹工卡县","扎西岗乡","仁青林村"
"54","01","27","202","205","西藏自治区","拉萨市","墨竹工卡县","扎西岗乡","朗杰林村"
"54","01","27","202","206","西藏自治区","拉萨市","墨竹工卡县","扎西岗乡","吉古村"
"54","01","27","202","207","西藏自治区","拉萨市","墨竹工卡县","扎西岗乡","斯布村"
"54","01","27","203","201","西藏自治区","拉萨市","墨竹工卡县","日多乡","怎村"
"54","01","27","203","202","西藏自治区","拉萨市","墨竹工卡县","日多乡","拉龙村"
"54","01","27","203","203","西藏自治区","拉萨市","墨竹工卡县","日多乡","念村"
"54","01","27","204","201","西藏自治区","拉萨市","墨竹工卡县","尼玛江热乡","帮达村"
"54","01","27","204","202","西藏自治区","拉萨市","墨竹工卡县","尼玛江热乡","其玛卡村"
"54","01","27","204","203","西藏自治区","拉萨市","墨竹工卡县","尼玛江热乡","仲达村"
"54","01","27","204","204","西藏自治区","拉萨市","墨竹工卡县","尼玛江热乡","玛热村"
"54","01","27","204","205","西藏自治区","拉萨市","墨竹工卡县","尼玛江热乡","章达村"
"54","01","27","204","206","西藏自治区","拉萨市","墨竹工卡县","尼玛江热乡","羊日岗村"
"54","01","27","204","207","西藏自治区","拉萨市","墨竹工卡县","尼玛江热乡","宗雪村"
"54","01","27","205","201","西藏自治区","拉萨市","墨竹工卡县","甲玛乡","孜孜荣村"
"54","01","27","205","202","西藏自治区","拉萨市","墨竹工卡县","甲玛乡","赤康村"
"54","01","27","205","203","西藏自治区","拉萨市","墨竹工卡县","甲玛乡","龙达村"
"54","01","27","206","201","西藏自治区","拉萨市","墨竹工卡县","唐加乡","东布岗村"
"54","01","27","206","202","西藏自治区","拉萨市","墨竹工卡县","唐加乡","卓村"
"54","01","27","206","203","西藏自治区","拉萨市","墨竹工卡县","唐加乡","莫冲村"
"54","01","27","206","204","西藏自治区","拉萨市","墨竹工卡县","唐加乡","仲尼村"
"54","01","27","206","205","西藏自治区","拉萨市","墨竹工卡县","唐加乡","拉东村"
"54","24","21","100","001","西藏自治区","那曲地区","那曲县","那曲镇","塔恰拉姆"
"54","24","21","100","002","西藏自治区","那曲地区","那曲县","那曲镇","冲新"
"54","24","21","100","003","西藏自治区","那曲地区","那曲县","那曲镇","罗布热地"
"54","24","21","100","004","西藏自治区","那曲地区","那曲县","那曲镇","色尼"
"54","24","21","100","005","西藏自治区","那曲地区","那曲县","那曲镇","林廓"
"54","24","21","100","006","西藏自治区","那曲地区","那曲县","那曲镇","德吉"
"54","24","21","100","007","西藏自治区","那曲地区","那曲县","那曲镇","仁毛"
"54","24","21","100","201","西藏自治区","那曲地区","那曲县","那曲镇","甘丹康桑村"
"54","24","21","100","202","西藏自治区","那曲地区","那曲县","那曲镇","色尼雄塔村"
"54","24","21","100","203","西藏自治区","那曲地区","那曲县","那曲镇","普仓村"
"54","24","21","100","204","西藏自治区","那曲地区","那曲县","那曲镇","玛庆村"
"54","24","21","100","205","西藏自治区","那曲地区","那曲县","那曲镇","楚布村"
"54","24","21","100","206","西藏自治区","那曲地区","那曲县","那曲镇","堆孔村"
"54","24","21","100","207","西藏自治区","那曲地区","那曲县","那曲镇","迪色村"
"54","24","21","100","208","西藏自治区","那曲地区","那曲县","那曲镇","噶庆村"
"54","24","21","100","209","西藏自治区","那曲地区","那曲县","那曲镇","顿琼村"
"54","24","21","100","210","西藏自治区","那曲地区","那曲县","那曲镇","曲果仁毛村"
"54","24","21","100","211","西藏自治区","那曲地区","那曲县","那曲镇","多木曲村"
"54","24","21","100","212","西藏自治区","那曲地区","那曲县","那曲镇","拉托村"
"54","24","21","100","213","西藏自治区","那曲地区","那曲县","那曲镇","路让村"
"54","24","21","100","214","西藏自治区","那曲地区","那曲县","那曲镇","聂那村"
"54","24","21","100","215","西藏自治区","那曲地区","那曲县","那曲镇","达嘎多村"
"54","24","21","100","216","西藏自治区","那曲地区","那曲县","那曲镇","苦若村"
"54","24","21","100","217","西藏自治区","那曲地区","那曲县","那曲镇","欧玛亭嘎村"
"54","24","21","100","218","西藏自治区","那曲地区","那曲县","那曲镇","罗岗村"
"54","24","21","100","219","西藏自治区","那曲地区","那曲县","那曲镇","古帕村"
"54","24","21","100","220","西藏自治区","那曲地区","那曲县","那曲镇","措查村"
"54","24","21","100","221","西藏自治区","那曲地区","那曲县","那曲镇","普索村"
"54","24","21","101","201","西藏自治区","那曲地区","那曲县","罗玛镇","西热村"
"54","24","21","101","202","西藏自治区","那曲地区","那曲县","罗玛镇","加贡村"
"54","24","21","101","203","西藏自治区","那曲地区","那曲县","罗玛镇","达崩村"
"54","24","21","101","204","西藏自治区","那曲地区","那曲县","罗玛镇","凯玛村"
"54","24","21","101","205","西藏自治区","那曲地区","那曲县","罗玛镇","姆才村"
"54","24","21","101","206","西藏自治区","那曲地区","那曲县","罗玛镇","哈热村"
"54","24","21","101","207","西藏自治区","那曲地区","那曲县","罗玛镇","森森村"
"54","24","21","101","208","西藏自治区","那曲地区","那曲县","罗玛镇","其色村"
"54","24","21","101","209","西藏自治区","那曲地区","那曲县","罗玛镇","朵布村"
"54","24","21","101","210","西藏自治区","那曲地区","那曲县","罗玛镇","曲果嘎姆村"
"54","24","21","101","211","西藏自治区","那曲地区","那曲县","罗玛镇","获汤村"
"54","24","21","101","212","西藏自治区","那曲地区","那曲县","罗玛镇","那格村"
"54","24","21","101","213","西藏自治区","那曲地区","那曲县","罗玛镇","普拉村"
"54","24","21","101","214","西藏自治区","那曲地区","那曲县","罗玛镇","鸟曲村"
"54","24","21","102","201","西藏自治区","那曲地区","那曲县","古露镇","萨措村"
"54","24","21","102","202","西藏自治区","那曲地区","那曲县","古露镇","那卡角村"
"54","24","21","102","203","西藏自治区","那曲地区","那曲县","古露镇","当桑村"
"54","24","21","102","204","西藏自治区","那曲地区","那曲县","古露镇","果科村"
"54","24","21","102","205","西藏自治区","那曲地区","那曲县","古露镇","彭让村"
"54","24","21","102","206","西藏自治区","那曲地区","那曲县","古露镇","俄玛村"
"54","24","21","102","207","西藏自治区","那曲地区","那曲县","古露镇","拉玛村"
"54","24","21","102","208","西藏自治区","那曲地区","那曲县","古露镇","幸仁村"
"54","24","21","102","209","西藏自治区","那曲地区","那曲县","古露镇","格托村"
"54","24","21","102","210","西藏自治区","那曲地区","那曲县","古露镇","木托村"
"54","24","21","102","211","西藏自治区","那曲地区","那曲县","古露镇","巴荣朵村"
"54","24","21","200","201","西藏自治区","那曲地区","那曲县","香茂乡","宗热格村"
"54","24","21","200","202","西藏自治区","那曲地区","那曲县","香茂乡","多朋热卡村"
"54","24","21","200","203","西藏自治区","那曲地区","那曲县","香茂乡","贡德熊村"
"54","24","21","200","204","西藏自治区","那曲地区","那曲县","香茂乡","哈多村"
"54","24","21","200","205","西藏自治区","那曲地区","那曲县","香茂乡","察夏村"
"54","24","21","200","206","西藏自治区","那曲地区","那曲县","香茂乡","康托村"
"54","24","21","200","207","西藏自治区","那曲地区","那曲县","香茂乡","德色村"
"54","24","21","200","208","西藏自治区","那曲地区","那曲县","香茂乡","东布村"
"54","24","21","200","209","西藏自治区","那曲地区","那曲县","香茂乡","那么切村"
"54","24","21","200","210","西藏自治区","那曲地区","那曲县","香茂乡","东木玛布村"
"54","24","21","201","201","西藏自治区","那曲地区","那曲县","油恰乡","多尼村"
"54","24","21","201","202","西藏自治区","那曲地区","那曲县","油恰乡","东热龙村"
"54","24","21","201","203","西藏自治区","那曲地区","那曲县","油恰乡","拉姆庆村"
"54","24","21","201","204","西藏自治区","那曲地区","那曲县","油恰乡","晓琼村"
"54","24","21","201","205","西藏自治区","那曲地区","那曲县","油恰乡","朗玛雪村"
"54","24","21","201","206","西藏自治区","那曲地区","那曲县","油恰乡","民庆格村"
"54","24","21","201","207","西藏自治区","那曲地区","那曲县","油恰乡","嘎角村"
"54","24","21","201","208","西藏自治区","那曲地区","那曲县","油恰乡","杰多村"
"54","24","21","201","209","西藏自治区","那曲地区","那曲县","油恰乡","吉龙村"
"54","24","21","201","212","西藏自治区","那曲地区","那曲县","油恰乡","色吉村"
"54","24","21","202","201","西藏自治区","那曲地区","那曲县","那么切乡","果夹村"
"54","24","21","202","202","西藏自治区","那曲地区","那曲县","那么切乡","岗拉村"
"54","24","21","202","203","西藏自治区","那曲地区","那曲县","那么切乡","察曲村"
"54","24","21","202","204","西藏自治区","那曲地区","那曲县","那么切乡","乃琼村"
"54","24","21","202","205","西藏自治区","那曲地区","那曲县","那么切乡","卡索村"
"54","24","21","202","206","西藏自治区","那曲地区","那曲县","那么切乡","东俄玛村"
"54","24","21","202","207","西藏自治区","那曲地区","那曲县","那么切乡","米如村"
"54","24","21","202","208","西藏自治区","那曲地区","那曲县","那么切乡","萨尼普村"
"54","24","21","202","209","西藏自治区","那曲地区","那曲县","那么切乡","曲多村"
"54","24","21","202","210","西藏自治区","那曲地区","那曲县","那么切乡","自日多嘎村"
"54","24","21","203","201","西藏自治区","那曲地区","那曲县","孔玛乡","嘎堆巴热村"
"54","24","21","203","202","西藏自治区","那曲地区","那曲县","孔玛乡","扎西东栏村"
"54","24","21","203","203","西藏自治区","那曲地区","那曲县","孔玛乡","多索村"
"54","24","21","203","204","西藏自治区","那曲地区","那曲县","孔玛乡","布玛村"
"54","24","21","203","205","西藏自治区","那曲地区","那曲县","孔玛乡","嘎坚村"
"54","24","21","203","206","西藏自治区","那曲地区","那曲县","孔玛乡","当布村"
"54","24","21","203","207","西藏自治区","那曲地区","那曲县","孔玛乡","扣热村"
"54","24","21","203","208","西藏自治区","那曲地区","那曲县","孔玛乡","吉措村"
"54","24","21","203","209","西藏自治区","那曲地区","那曲县","孔玛乡","龙玛村"
"54","24","21","203","210","西藏自治区","那曲地区","那曲县","孔玛乡","多雄村"
"54","24","21","204","201","西藏自治区","那曲地区","那曲县","达萨乡","那若村"
"54","24","21","204","202","西藏自治区","那曲地区","那曲县","达萨乡","擦多村"
"54","24","21","204","203","西藏自治区","那曲地区","那曲县","达萨乡","措查村"
"54","24","21","204","204","西藏自治区","那曲地区","那曲县","达萨乡","帕玉村"
"54","24","21","204","205","西藏自治区","那曲地区","那曲县","达萨乡","卓龙村"
"54","24","21","204","206","西藏自治区","那曲地区","那曲县","达萨乡","桑德村"
"54","24","21","204","207","西藏自治区","那曲地区","那曲县","达萨乡","阿达村"
"54","24","21","204","208","西藏自治区","那曲地区","那曲县","达萨乡","查角村"
"54","24","21","204","209","西藏自治区","那曲地区","那曲县","达萨乡","加龙村"
"54","24","21","204","210","西藏自治区","那曲地区","那曲县","达萨乡","巴林村"
"54","24","21","204","211","西藏自治区","那曲地区","那曲县","达萨乡","央扣村"
"54","24","21","204","212","西藏自治区","那曲地区","那曲县","达萨乡","那卡玛日村"
"54","24","21","204","213","西藏自治区","那曲地区","那曲县","达萨乡","萨多村"
"54","24","21","204","214","西藏自治区","那曲地区","那曲县","达萨乡","当里村"
"54","24","21","204","215","西藏自治区","那曲地区","那曲县","达萨乡","松扣村"
"54","24","21","205","201","西藏自治区","那曲地区","那曲县","劳麦乡","祖曲村"
"54","24","21","205","202","西藏自治区","那曲地区","那曲县","劳麦乡","那布村"
"54","24","21","205","203","西藏自治区","那曲地区","那曲县","劳麦乡","帕村"
"54","24","21","205","204","西藏自治区","那曲地区","那曲县","劳麦乡","杂拉村"
"54","24","21","205","205","西藏自治区","那曲地区","那曲县","劳麦乡","果庆村"
"54","24","21","205","206","西藏自治区","那曲地区","那曲县","劳麦乡","贡玛村"
"54","24","21","205","207","西藏自治区","那曲地区","那曲县","劳麦乡","姜垌村"
"54","24","21","205","208","西藏自治区","那曲地区","那曲县","劳麦乡","志龙村"
"54","24","21","206","201","西藏自治区","那曲地区","那曲县","色雄乡","达仙村"
"54","24","21","206","202","西藏自治区","那曲地区","那曲县","色雄乡","巴热村"
"54","24","21","206","203","西藏自治区","那曲地区","那曲县","色雄乡","俄色村"
"54","24","21","206","204","西藏自治区","那曲地区","那曲县","色雄乡","白让村"
"54","24","21","206","205","西藏自治区","那曲地区","那曲县","色雄乡","东庆村"
"54","24","21","206","206","西藏自治区","那曲地区","那曲县","色雄乡","东琼村"
"54","24","21","206","207","西藏自治区","那曲地区","那曲县","色雄乡","德姆村"
"54","24","21","207","201","西藏自治区","那曲地区","那曲县","尼玛乡","扎西亚塘村"
"54","24","21","207","202","西藏自治区","那曲地区","那曲县","尼玛乡","尼玛龙村"
"54","24","21","207","203","西藏自治区","那曲地区","那曲县","尼玛乡","热扣村"
"54","24","21","207","204","西藏自治区","那曲地区","那曲县","尼玛乡","泽布村"
"54","24","21","207","205","西藏自治区","那曲地区","那曲县","尼玛乡","浙龙村"
"54","24","21","207","206","西藏自治区","那曲地区","那曲县","尼玛乡","亚里村"
"54","24","21","207","207","西藏自治区","那曲地区","那曲县","尼玛乡","扎那村"
"54","24","21","207","208","西藏自治区","那曲地区","那曲县","尼玛乡","桑日塘村"
"54","24","21","207","209","西藏自治区","那曲地区","那曲县","尼玛乡","行木扣村"
"54","24","21","208","201","西藏自治区","那曲地区","那曲县","达前乡","曲水贡玛村"
"54","24","21","208","202","西藏自治区","那曲地区","那曲县","达前乡","路堆村"
"54","24","21","208","203","西藏自治区","那曲地区","那曲县","达前乡","尼玛龙村"
"54","24","21","208","204","西藏自治区","那曲地区","那曲县","达前乡","江扣村"
"54","24","21","208","205","西藏自治区","那曲地区","那曲县","达前乡","干觉村"
"54","24","21","208","206","西藏自治区","那曲地区","那曲县","达前乡","夏毕村"
"54","24","21","208","207","西藏自治区","那曲地区","那曲县","达前乡","宗琼村"
"54","24","21","208","208","西藏自治区","那曲地区","那曲县","达前乡","擦勒村"
"54","24","21","208","209","西藏自治区","那曲地区","那曲县","达前乡","旁南村"
"54","24","22","100","001","西藏自治区","那曲地区","嘉黎县","阿扎镇","团结新村"
"54","24","22","100","201","西藏自治区","那曲地区","嘉黎县","阿扎镇","阿扎村"
"54","24","22","100","202","西藏自治区","那曲地区","嘉黎县","阿扎镇","静莫村"
"54","24","22","100","203","西藏自治区","那曲地区","嘉黎县","阿扎镇","巴达村"
"54","24","22","100","204","西藏自治区","那曲地区","嘉黎县","阿扎镇","达孜村"
"54","24","22","100","205","西藏自治区","那曲地区","嘉黎县","阿扎镇","门门改村"
"54","24","22","100","206","西藏自治区","那曲地区","嘉黎县","阿扎镇","苏日达村"
"54","24","22","100","207","西藏自治区","那曲地区","嘉黎县","阿扎镇","叶朵村"
"54","24","22","100","208","西藏自治区","那曲地区","嘉黎县","阿扎镇","扯仓村"
"54","24","22","100","209","西藏自治区","那曲地区","嘉黎县","阿扎镇","雀隆村"
"54","24","22","100","210","西藏自治区","那曲地区","嘉黎县","阿扎镇","斯定咔村"
"54","24","22","101","201","西藏自治区","那曲地区","嘉黎县","嘉黎镇","扭热朵村"
"54","24","22","101","202","西藏自治区","那曲地区","嘉黎县","嘉黎镇","阿琼村"
"54","24","22","101","203","西藏自治区","那曲地区","嘉黎县","嘉黎镇","日瓦朵村"
"54","24","22","101","204","西藏自治区","那曲地区","嘉黎县","嘉黎镇","奔达村"
"54","24","22","101","205","西藏自治区","那曲地区","嘉黎县","嘉黎镇","萨钦隆村"
"54","24","22","101","206","西藏自治区","那曲地区","嘉黎县","嘉黎镇","切塘村"
"54","24","22","101","207","西藏自治区","那曲地区","嘉黎县","嘉黎镇","玛塘村"
"54","24","22","101","208","西藏自治区","那曲地区","嘉黎县","嘉黎镇","亚塘村"
"54","24","22","101","209","西藏自治区","那曲地区","嘉黎县","嘉黎镇","约青村"
"54","24","22","101","210","西藏自治区","那曲地区","嘉黎县","嘉黎镇","郭若咔村"
"54","24","22","101","211","西藏自治区","那曲地区","嘉黎县","嘉黎镇","帮布村"
"54","24","22","101","212","西藏自治区","那曲地区","嘉黎县","嘉黎镇","普叶村"
"54","24","22","101","213","西藏自治区","那曲地区","嘉黎县","嘉黎镇","亚庆村"
"54","24","22","101","214","西藏自治区","那曲地区","嘉黎县","嘉黎镇","东多村"
"54","24","22","101","215","西藏自治区","那曲地区","嘉黎县","嘉黎镇","拉日村"
"54","24","22","200","201","西藏自治区","那曲地区","嘉黎县","鸽群乡","贡西顶村"
"54","24","22","200","202","西藏自治区","那曲地区","嘉黎县","鸽群乡","口嘎改村"
"54","24","22","200","203","西藏自治区","那曲地区","嘉黎县","鸽群乡","董琼多村"
"54","24","22","200","204","西藏自治区","那曲地区","嘉黎县","鸽群乡","宗多村"
"54","24","22","200","205","西藏自治区","那曲地区","嘉黎县","鸽群乡","错隆村"
"54","24","22","200","206","西藏自治区","那曲地区","嘉黎县","鸽群乡","达日朵村"
"54","24","22","200","207","西藏自治区","那曲地区","嘉黎县","鸽群乡","阿托库村"
"54","24","22","200","208","西藏自治区","那曲地区","嘉黎县","鸽群乡","学孔玛村"
"54","24","22","200","209","西藏自治区","那曲地区","嘉黎县","鸽群乡","西吾隆村"
"54","24","22","201","201","西藏自治区","那曲地区","嘉黎县","藏比乡","美巴尔村"
"54","24","22","201","202","西藏自治区","那曲地区","嘉黎县","藏比乡","那查村"
"54","24","22","201","203","西藏自治区","那曲地区","嘉黎县","藏比乡","嘎尔当村"
"54","24","22","201","204","西藏自治区","那曲地区","嘉黎县","藏比乡","央隆村"
"54","24","22","201","205","西藏自治区","那曲地区","嘉黎县","藏比乡","昂仓村"
"54","24","22","201","206","西藏自治区","那曲地区","嘉黎县","藏比乡","处角玛村"
"54","24","22","201","207","西藏自治区","那曲地区","嘉黎县","藏比乡","浪阿库村"
"54","24","22","202","201","西藏自治区","那曲地区","嘉黎县","忠玉乡","宁中岗村"
"54","24","22","202","202","西藏自治区","那曲地区","嘉黎县","忠玉乡","浪沃村"
"54","24","22","202","203","西藏自治区","那曲地区","嘉黎县","忠玉乡","扎西岗村"
"54","24","22","202","204","西藏自治区","那曲地区","嘉黎县","忠玉乡","凯咔村"
"54","24","22","202","205","西藏自治区","那曲地区","嘉黎县","忠玉乡","仲匝村"
"54","24","22","202","206","西藏自治区","那曲地区","嘉黎县","忠玉乡","东业村"
"54","24","22","202","207","西藏自治区","那曲地区","嘉黎县","忠玉乡","恰玉村"
"54","24","22","202","208","西藏自治区","那曲地区","嘉黎县","忠玉乡","忠玉村"
"54","24","22","202","209","西藏自治区","那曲地区","嘉黎县","忠玉乡","堆巴村"
"54","24","22","202","210","西藏自治区","那曲地区","嘉黎县","忠玉乡","崩达村"
"54","24","22","202","211","西藏自治区","那曲地区","嘉黎县","忠玉乡","萨旺村"
"54","24","22","202","212","西藏自治区","那曲地区","嘉黎县","忠玉乡","白雄村"
"54","24","22","202","213","西藏自治区","那曲地区","嘉黎县","忠玉乡","孜布村"
"54","24","22","202","214","西藏自治区","那曲地区","嘉黎县","忠玉乡","依嘎村"
"54","24","22","203","201","西藏自治区","那曲地区","嘉黎县","措多乡","热须村"
"54","24","22","203","202","西藏自治区","那曲地区","嘉黎县","措多乡","扎纳村"
"54","24","22","203","203","西藏自治区","那曲地区","嘉黎县","措多乡","弄竹角村"
"54","24","22","203","204","西藏自治区","那曲地区","嘉黎县","措多乡","尼玛隆村"
"54","24","22","203","205","西藏自治区","那曲地区","嘉黎县","措多乡","岗嘎竹角村"
"54","24","22","203","206","西藏自治区","那曲地区","嘉黎县","措多乡","多奇吾村"
"54","24","22","203","207","西藏自治区","那曲地区","嘉黎县","措多乡","杂姆拉布村"
"54","24","22","203","208","西藏自治区","那曲地区","嘉黎县","措多乡","勒央恰村"
"54","24","22","203","209","西藏自治区","那曲地区","嘉黎县","措多乡","洒如朵村"
"54","24","22","203","210","西藏自治区","那曲地区","嘉黎县","措多乡","错果村"
"54","24","22","203","211","西藏自治区","那曲地区","嘉黎县","措多乡","那布村"
"54","24","22","203","212","西藏自治区","那曲地区","嘉黎县","措多乡","嘎当村"
"54","24","22","203","213","西藏自治区","那曲地区","嘉黎县","措多乡","亩迟勤村"
"54","24","22","203","214","西藏自治区","那曲地区","嘉黎县","措多乡","古塘村"
"54","24","22","203","215","西藏自治区","那曲地区","嘉黎县","措多乡","杂鲁勒村"
"54","24","22","204","201","西藏自治区","那曲地区","嘉黎县","措拉乡","棍次尔铅姆村"
"54","24","22","204","202","西藏自治区","那曲地区","嘉黎县","措拉乡","居隆村"
"54","24","22","204","203","西藏自治区","那曲地区","嘉黎县","措拉乡","达董村"
"54","24","22","204","204","西藏自治区","那曲地区","嘉黎县","措拉乡","推郭布如村"
"54","24","22","204","205","西藏自治区","那曲地区","嘉黎县","措拉乡","勒根村"
"54","24","22","204","206","西藏自治区","那曲地区","嘉黎县","措拉乡","那林嘎村"
"54","24","22","204","207","西藏自治区","那曲地区","嘉黎县","措拉乡","凯热村"
"54","24","22","204","208","西藏自治区","那曲地区","嘉黎县","措拉乡","改仁村"
"54","24","22","204","209","西藏自治区","那曲地区","嘉黎县","措拉乡","亚查村"
"54","24","22","204","210","西藏自治区","那曲地区","嘉黎县","措拉乡","玛布尔村"
"54","24","22","204","211","西藏自治区","那曲地区","嘉黎县","措拉乡","董乃提吾村"
"54","24","22","204","212","西藏自治区","那曲地区","嘉黎县","措拉乡","错乃村"
"54","24","22","204","213","西藏自治区","那曲地区","嘉黎县","措拉乡","错董村"
"54","24","22","204","214","西藏自治区","那曲地区","嘉黎县","措拉乡","帕热村"
"54","24","22","204","215","西藏自治区","那曲地区","嘉黎县","措拉乡","那朗村"
"54","24","22","204","216","西藏自治区","那曲地区","嘉黎县","措拉乡","乌琼村"
"54","24","22","204","217","西藏自治区","那曲地区","嘉黎县","措拉乡","乌铅村"
"54","24","22","204","218","西藏自治区","那曲地区","嘉黎县","措拉乡","玛杂村"
"54","24","22","204","219","西藏自治区","那曲地区","嘉黎县","措拉乡","错查村"
"54","24","22","204","220","西藏自治区","那曲地区","嘉黎县","措拉乡","查仓村"
"54","24","22","205","201","西藏自治区","那曲地区","嘉黎县","林堤乡","恰查村"
"54","24","22","205","202","西藏自治区","那曲地区","嘉黎县","林堤乡","沃索村"
"54","24","22","205","203","西藏自治区","那曲地区","嘉黎县","林堤乡","林堤村"
"54","24","22","205","204","西藏自治区","那曲地区","嘉黎县","林堤乡","江久村"
"54","24","22","205","205","西藏自治区","那曲地区","嘉黎县","林堤乡","帕隆巴村"
"54","24","22","205","206","西藏自治区","那曲地区","嘉黎县","林堤乡","央热村"
"54","24","22","205","207","西藏自治区","那曲地区","嘉黎县","林堤乡","仓康村"
"54","24","22","206","201","西藏自治区","那曲地区","嘉黎县","夏玛乡","坡尔仓村"
"54","24","22","206","202","西藏自治区","那曲地区","嘉黎县","夏玛乡","贡西村"
"54","24","22","206","203","西藏自治区","那曲地区","嘉黎县","夏玛乡","朗庆村"
"54","24","22","206","204","西藏自治区","那曲地区","嘉黎县","夏玛乡","阿寨库村"
"54","24","22","206","205","西藏自治区","那曲地区","嘉黎县","夏玛乡","门塘库村"
"54","24","22","206","206","西藏自治区","那曲地区","嘉黎县","夏玛乡","垂铅村"
"54","24","22","206","207","西藏自治区","那曲地区","嘉黎县","夏玛乡","甲仁村"
"54","24","22","206","208","西藏自治区","那曲地区","嘉黎县","夏玛乡","塔孔村"
"54","24","22","206","209","西藏自治区","那曲地区","嘉黎县","夏玛乡","甲给村"
"54","24","22","206","210","西藏自治区","那曲地区","嘉黎县","夏玛乡","垂琼村"
"54","24","22","206","211","西藏自治区","那曲地区","嘉黎县","夏玛乡","多拉村"
"54","24","22","206","212","西藏自治区","那曲地区","嘉黎县","夏玛乡","乃仓村"
"54","24","22","206","213","西藏自治区","那曲地区","嘉黎县","夏玛乡","夏玛村"
"54","24","22","207","201","西藏自治区","那曲地区","嘉黎县","绒多乡","秋赤库村"
"54","24","22","207","202","西藏自治区","那曲地区","嘉黎县","绒多乡","森土库村"
"54","24","22","207","203","西藏自治区","那曲地区","嘉黎县","绒多乡","萨囊村"
"54","24","22","207","204","西藏自治区","那曲地区","嘉黎县","绒多乡","叶隆村"
"54","24","22","207","205","西藏自治区","那曲地区","嘉黎县","绒多乡","玉隆松多村"
"54","24","22","207","206","西藏自治区","那曲地区","嘉黎县","绒多乡","它悟切村"
"54","24","22","207","207","西藏自治区","那曲地区","嘉黎县","绒多乡","曲桑朵村"
"54","24","22","207","208","西藏自治区","那曲地区","嘉黎县","绒多乡","江多村"
"54","24","22","207","209","西藏自治区","那曲地区","嘉黎县","绒多乡","董罗岗村"
"54","24","22","207","210","西藏自治区","那曲地区","嘉黎县","绒多乡","隆那多村"
"54","24","22","207","211","西藏自治区","那曲地区","嘉黎县","绒多乡","森布库村"
"54","24","23","100","001","西藏自治区","那曲地区","比如县","比如镇","其达"
"54","24","23","100","002","西藏自治区","那曲地区","比如县","比如镇","色康"
"54","24","23","100","003","西藏自治区","那曲地区","比如县","比如镇","图嘎"
"54","24","23","100","004","西藏自治区","那曲地区","比如县","比如镇","吉查"
"54","24","23","100","005","西藏自治区","那曲地区","比如县","比如镇","嘎叶"
"54","24","23","100","201","西藏自治区","那曲地区","比如县","比如镇","美日村"
"54","24","23","100","202","西藏自治区","那曲地区","比如县","比如镇","察隆村"
"54","24","23","100","203","西藏自治区","那曲地区","比如县","比如镇","央然村"
"54","24","23","100","204","西藏自治区","那曲地区","比如县","比如镇","巴贡村"
"54","24","23","100","205","西藏自治区","那曲地区","比如县","比如镇","尼囊村"
"54","24","23","100","206","西藏自治区","那曲地区","比如县","比如镇","玉贡村"
"54","24","23","100","207","西藏自治区","那曲地区","比如县","比如镇","切玛村"
"54","24","23","100","208","西藏自治区","那曲地区","比如县","比如镇","瓦乃村"
"54","24","23","100","209","西藏自治区","那曲地区","比如县","比如镇","吉琼村"
"54","24","23","100","210","西藏自治区","那曲地区","比如县","比如镇","吉庆村"
"54","24","23","100","211","西藏自治区","那曲地区","比如县","比如镇","迦然村"
"54","24","23","100","212","西藏自治区","那曲地区","比如县","比如镇","夏尔耐村"
"54","24","23","100","213","西藏自治区","那曲地区","比如县","比如镇","杂达村"
"54","24","23","100","214","西藏自治区","那曲地区","比如县","比如镇","孟庆村"
"54","24","23","100","215","西藏自治区","那曲地区","比如县","比如镇","莫瓦塘村"
"54","24","23","100","216","西藏自治区","那曲地区","比如县","比如镇","塘定村"
"54","24","23","100","217","西藏自治区","那曲地区","比如县","比如镇","珠德村"
"54","24","23","100","218","西藏自治区","那曲地区","比如县","比如镇","培瓦村"
"54","24","23","101","001","西藏自治区","那曲地区","比如县","夏曲镇","夏曲卡"
"54","24","23","101","002","西藏自治区","那曲地区","比如县","夏曲镇","伯托"
"54","24","23","101","201","西藏自治区","那曲地区","比如县","夏曲镇","玉纳村"
"54","24","23","101","202","西藏自治区","那曲地区","比如县","夏曲镇","扎勒村"
"54","24","23","101","203","西藏自治区","那曲地区","比如县","夏曲镇","扎热村"
"54","24","23","101","204","西藏自治区","那曲地区","比如县","夏曲镇","瓦塘村"
"54","24","23","101","205","西藏自治区","那曲地区","比如县","夏曲镇","改耐村"
"54","24","23","101","206","西藏自治区","那曲地区","比如县","夏曲镇","勒加库村"
"54","24","23","101","207","西藏自治区","那曲地区","比如县","夏曲镇","热萨村"
"54","24","23","101","208","西藏自治区","那曲地区","比如县","夏曲镇","色娘村"
"54","24","23","101","209","西藏自治区","那曲地区","比如县","夏曲镇","勒根村"
"54","24","23","101","210","西藏自治区","那曲地区","比如县","夏曲镇","诺美尼村"
"54","24","23","101","211","西藏自治区","那曲地区","比如县","夏曲镇","布龙村"
"54","24","23","101","212","西藏自治区","那曲地区","比如县","夏曲镇","克玛村"
"54","24","23","101","213","西藏自治区","那曲地区","比如县","夏曲镇","热布村"
"54","24","23","101","214","西藏自治区","那曲地区","比如县","夏曲镇","察曲村"
"54","24","23","101","215","西藏自治区","那曲地区","比如县","夏曲镇","茶迁村"
"54","24","23","101","216","西藏自治区","那曲地区","比如县","夏曲镇","永嘎勒村"
"54","24","23","101","217","西藏自治区","那曲地区","比如县","夏曲镇","托那莫布村"
"54","24","23","101","218","西藏自治区","那曲地区","比如县","夏曲镇","娘热村"
"54","24","23","101","219","西藏自治区","那曲地区","比如县","夏曲镇","仲拉村"
"54","24","23","101","220","西藏自治区","那曲地区","比如县","夏曲镇","边塘村"
"54","24","23","200","201","西藏自治区","那曲地区","比如县","白嘎乡","喜江村"
"54","24","23","200","202","西藏自治区","那曲地区","比如县","白嘎乡","叮色村"
"54","24","23","200","203","西藏自治区","那曲地区","比如县","白嘎乡","童达村"
"54","24","23","200","204","西藏自治区","那曲地区","比如县","白嘎乡","达钦村"
"54","24","23","200","205","西藏自治区","那曲地区","比如县","白嘎乡","鲁卡村"
"54","24","23","200","206","西藏自治区","那曲地区","比如县","白嘎乡","夏日村"
"54","24","23","200","207","西藏自治区","那曲地区","比如县","白嘎乡","杂亚村"
"54","24","23","200","208","西藏自治区","那曲地区","比如县","白嘎乡","斯达村"
"54","24","23","200","209","西藏自治区","那曲地区","比如县","白嘎乡","雅安朵村"
"54","24","23","200","210","西藏自治区","那曲地区","比如县","白嘎乡","欧泽村"
"54","24","23","200","211","西藏自治区","那曲地区","比如县","白嘎乡","亚阔村"
"54","24","23","200","212","西藏自治区","那曲地区","比如县","白嘎乡","列瓦村"
"54","24","23","200","213","西藏自治区","那曲地区","比如县","白嘎乡","偌托村"
"54","24","23","200","214","西藏自治区","那曲地区","比如县","白嘎乡","吉仲村"
"54","24","23","200","215","西藏自治区","那曲地区","比如县","白嘎乡","昌帕村"
"54","24","23","200","216","西藏自治区","那曲地区","比如县","白嘎乡","巴尔瓦村"
"54","24","23","200","217","西藏自治区","那曲地区","比如县","白嘎乡","扎西隆村"
"54","24","23","200","218","西藏自治区","那曲地区","比如县","白嘎乡","塘巴村"
"54","24","23","200","219","西藏自治区","那曲地区","比如县","白嘎乡","墨荣村"
"54","24","23","200","220","西藏自治区","那曲地区","比如县","白嘎乡","沃阔村"
"54","24","23","200","221","西藏自治区","那曲地区","比如县","白嘎乡","麦庆村"
"54","24","23","200","222","西藏自治区","那曲地区","比如县","白嘎乡","贡定村"
"54","24","23","200","223","西藏自治区","那曲地区","比如县","白嘎乡","热若村"
"54","24","23","201","201","西藏自治区","那曲地区","比如县","羊秀乡","吾雄村"
"54","24","23","201","202","西藏自治区","那曲地区","比如县","羊秀乡","索雄村"
"54","24","23","201","203","西藏自治区","那曲地区","比如县","羊秀乡","中宗村"
"54","24","23","201","204","西藏自治区","那曲地区","比如县","羊秀乡","羊秀村"
"54","24","23","201","205","西藏自治区","那曲地区","比如县","羊秀乡","耐达村"
"54","24","23","201","206","西藏自治区","那曲地区","比如县","羊秀乡","奇达村"
"54","24","23","201","207","西藏自治区","那曲地区","比如县","羊秀乡","迟塔村"
"54","24","23","201","208","西藏自治区","那曲地区","比如县","羊秀乡","朗切村"
"54","24","23","201","209","西藏自治区","那曲地区","比如县","羊秀乡","久隆村"
"54","24","23","201","210","西藏自治区","那曲地区","比如县","羊秀乡","贡宁村"
"54","24","23","201","211","西藏自治区","那曲地区","比如县","羊秀乡","吉仁村"
"54","24","23","201","212","西藏自治区","那曲地区","比如县","羊秀乡","朵给村"
"54","24","23","201","213","西藏自治区","那曲地区","比如县","羊秀乡","瓦宁村"
"54","24","23","201","214","西藏自治区","那曲地区","比如县","羊秀乡","亚贡村"
"54","24","23","201","215","西藏自治区","那曲地区","比如县","羊秀乡","察普村"
"54","24","23","201","216","西藏自治区","那曲地区","比如县","羊秀乡","达德村"
"54","24","23","201","217","西藏自治区","那曲地区","比如县","羊秀乡","帕荣村"
"54","24","23","201","218","西藏自治区","那曲地区","比如县","羊秀乡","嘎囊村"
"54","24","23","202","201","西藏自治区","那曲地区","比如县","香曲乡","丁嘎村"
"54","24","23","202","202","西藏自治区","那曲地区","比如县","香曲乡","日兴村"
"54","24","23","202","203","西藏自治区","那曲地区","比如县","香曲乡","达加村"
"54","24","23","202","204","西藏自治区","那曲地区","比如县","香曲乡","贡许村"
"54","24","23","202","205","西藏自治区","那曲地区","比如县","香曲乡","亚扎村"
"54","24","23","202","206","西藏自治区","那曲地区","比如县","香曲乡","色雄村"
"54","24","23","202","207","西藏自治区","那曲地区","比如县","香曲乡","培巴村"
"54","24","23","202","208","西藏自治区","那曲地区","比如县","香曲乡","亚东村"
"54","24","23","202","209","西藏自治区","那曲地区","比如县","香曲乡","帕勒村"
"54","24","23","202","210","西藏自治区","那曲地区","比如县","香曲乡","央巴村"
"54","24","23","202","211","西藏自治区","那曲地区","比如县","香曲乡","贺塔村"
"54","24","23","202","212","西藏自治区","那曲地区","比如县","香曲乡","热宗村"
"54","24","23","202","213","西藏自治区","那曲地区","比如县","香曲乡","玛热村"
"54","24","23","202","214","西藏自治区","那曲地区","比如县","香曲乡","纳热村"
"54","24","23","202","215","西藏自治区","那曲地区","比如县","香曲乡","仲耐村"
"54","24","23","202","216","西藏自治区","那曲地区","比如县","香曲乡","吉瓦村"
"54","24","23","202","217","西藏自治区","那曲地区","比如县","香曲乡","嘎当村"
"54","24","23","202","218","西藏自治区","那曲地区","比如县","香曲乡","旺耐村"
"54","24","23","202","219","西藏自治区","那曲地区","比如县","香曲乡","努玛村"
"54","24","23","202","220","西藏自治区","那曲地区","比如县","香曲乡","色孔村"
"54","24","23","202","221","西藏自治区","那曲地区","比如县","香曲乡","邦切村"
"54","24","23","203","201","西藏自治区","那曲地区","比如县","达塘乡","玛擦村"
"54","24","23","203","202","西藏自治区","那曲地区","比如县","达塘乡","玛隆村"
"54","24","23","203","203","西藏自治区","那曲地区","比如县","达塘乡","卡孜村"
"54","24","23","203","204","西藏自治区","那曲地区","比如县","达塘乡","卡孜庆村"
"54","24","23","203","205","西藏自治区","那曲地区","比如县","达塘乡","阿秀村"
"54","24","23","203","206","西藏自治区","那曲地区","比如县","达塘乡","朗钦村"
"54","24","23","203","207","西藏自治区","那曲地区","比如县","达塘乡","列玛村"
"54","24","23","203","208","西藏自治区","那曲地区","比如县","达塘乡","拉硅村"
"54","24","23","203","209","西藏自治区","那曲地区","比如县","达塘乡","森塘村"
"54","24","23","203","210","西藏自治区","那曲地区","比如县","达塘乡","夏普库村"
"54","24","23","203","211","西藏自治区","那曲地区","比如县","达塘乡","达孜村"
"54","24","23","203","212","西藏自治区","那曲地区","比如县","达塘乡","阿邦村"
"54","24","23","203","213","西藏自治区","那曲地区","比如县","达塘乡","童莫村"
"54","24","23","203","214","西藏自治区","那曲地区","比如县","达塘乡","喇嘛隆村"
"54","24","23","203","215","西藏自治区","那曲地区","比如县","达塘乡","玛热村"
"54","24","23","203","216","西藏自治区","那曲地区","比如县","达塘乡","波庆村"
"54","24","23","203","217","西藏自治区","那曲地区","比如县","达塘乡","拉嘎村"
"54","24","23","203","218","西藏自治区","那曲地区","比如县","达塘乡","耐普村"
"54","24","23","203","219","西藏自治区","那曲地区","比如县","达塘乡","杰囊村"
"54","24","23","203","220","西藏自治区","那曲地区","比如县","达塘乡","杰朵村"
"54","24","23","203","221","西藏自治区","那曲地区","比如县","达塘乡","优囊村"
"54","24","23","203","222","西藏自治区","那曲地区","比如县","达塘乡","达宗村"
"54","24","23","203","223","西藏自治区","那曲地区","比如县","达塘乡","宗朋村"
"54","24","23","203","224","西藏自治区","那曲地区","比如县","达塘乡","塘连村"
"54","24","23","204","201","西藏自治区","那曲地区","比如县","良曲乡","萨玛村"
"54","24","23","204","202","西藏自治区","那曲地区","比如县","良曲乡","帕拉村"
"54","24","23","204","203","西藏自治区","那曲地区","比如县","良曲乡","娘达村"
"54","24","23","204","204","西藏自治区","那曲地区","比如县","良曲乡","吉日村"
"54","24","23","204","205","西藏自治区","那曲地区","比如县","良曲乡","嘎达村"
"54","24","23","204","206","西藏自治区","那曲地区","比如县","良曲乡","提阔村"
"54","24","23","204","207","西藏自治区","那曲地区","比如县","良曲乡","栋多村"
"54","24","23","204","208","西藏自治区","那曲地区","比如县","良曲乡","格康村"
"54","24","23","204","209","西藏自治区","那曲地区","比如县","良曲乡","热木塘村"
"54","24","23","204","210","西藏自治区","那曲地区","比如县","良曲乡","查库勒村"
"54","24","23","204","211","西藏自治区","那曲地区","比如县","良曲乡","热如村"
"54","24","23","204","212","西藏自治区","那曲地区","比如县","良曲乡","朵卡村"
"54","24","23","204","213","西藏自治区","那曲地区","比如县","良曲乡","扎桑村"
"54","24","23","205","201","西藏自治区","那曲地区","比如县","茶曲乡","日普村"
"54","24","23","205","202","西藏自治区","那曲地区","比如县","茶曲乡","耐秀村"
"54","24","23","205","203","西藏自治区","那曲地区","比如县","茶曲乡","法若村"
"54","24","23","205","204","西藏自治区","那曲地区","比如县","茶曲乡","达勒村"
"54","24","23","205","205","西藏自治区","那曲地区","比如县","茶曲乡","郭那村"
"54","24","23","205","206","西藏自治区","那曲地区","比如县","茶曲乡","拉沃村"
"54","24","23","205","207","西藏自治区","那曲地区","比如县","茶曲乡","塔果村"
"54","24","23","205","208","西藏自治区","那曲地区","比如县","茶曲乡","多硕卡村"
"54","24","23","205","209","西藏自治区","那曲地区","比如县","茶曲乡","乌通村"
"54","24","23","205","210","西藏自治区","那曲地区","比如县","茶曲乡","优隆村"
"54","24","23","205","211","西藏自治区","那曲地区","比如县","茶曲乡","日吾庆夺村"
"54","24","23","205","212","西藏自治区","那曲地区","比如县","茶曲乡","玛库村"
"54","24","23","205","213","西藏自治区","那曲地区","比如县","茶曲乡","肥塘村"
"54","24","23","205","214","西藏自治区","那曲地区","比如县","茶曲乡","嘎塘村"
"54","24","23","205","215","西藏自治区","那曲地区","比如县","茶曲乡","萨塘村"
"54","24","23","205","216","西藏自治区","那曲地区","比如县","茶曲乡","昂永村"
"54","24","23","206","201","西藏自治区","那曲地区","比如县","扎拉乡","桑布村"
"54","24","23","206","202","西藏自治区","那曲地区","比如县","扎拉乡","察夺村"
"54","24","23","206","203","西藏自治区","那曲地区","比如县","扎拉乡","扎拉村"
"54","24","23","206","204","西藏自治区","那曲地区","比如县","扎拉乡","美日村"
"54","24","23","206","205","西藏自治区","那曲地区","比如县","扎拉乡","昂秀村"
"54","24","23","206","206","西藏自治区","那曲地区","比如县","扎拉乡","孔热村"
"54","24","23","206","207","西藏自治区","那曲地区","比如县","扎拉乡","刚夺村"
"54","24","23","206","208","西藏自治区","那曲地区","比如县","扎拉乡","雄塘村"
"54","24","23","206","209","西藏自治区","那曲地区","比如县","扎拉乡","勒仲村"
"54","24","23","207","201","西藏自治区","那曲地区","比如县","恰则乡","孔玛夺村"
"54","24","23","207","202","西藏自治区","那曲地区","比如县","恰则乡","帕玛夺村"
"54","24","23","207","203","西藏自治区","那曲地区","比如县","恰则乡","察隆夺村"
"54","24","23","207","204","西藏自治区","那曲地区","比如县","恰则乡","曲荣夺村"
"54","24","23","207","205","西藏自治区","那曲地区","比如县","恰则乡","底吾达村"
"54","24","23","207","206","西藏自治区","那曲地区","比如县","恰则乡","那通村"
"54","24","24","100","001","西藏自治区","那曲地区","聂荣县","聂荣镇","塔杰"
"54","24","24","100","002","西藏自治区","那曲地区","聂荣县","聂荣镇","团结"
"54","24","24","100","003","西藏自治区","那曲地区","聂荣县","聂荣镇","扎西"
"54","24","24","100","201","西藏自治区","那曲地区","聂荣县","聂荣镇","促巴村"
"54","24","24","100","202","西藏自治区","那曲地区","聂荣县","聂荣镇","查荣村"
"54","24","24","100","203","西藏自治区","那曲地区","聂荣县","聂荣镇","卡莫村"
"54","24","24","100","204","西藏自治区","那曲地区","聂荣县","聂荣镇","罗普村"
"54","24","24","100","205","西藏自治区","那曲地区","聂荣县","聂荣镇","帮果村"
"54","24","24","100","206","西藏自治区","那曲地区","聂荣县","聂荣镇","果娘村"
"54","24","24","100","207","西藏自治区","那曲地区","聂荣县","聂荣镇","色康村"
"54","24","24","100","208","西藏自治区","那曲地区","聂荣县","聂荣镇","嘎青村"
"54","24","24","100","209","西藏自治区","那曲地区","聂荣县","聂荣镇","格那村"
"54","24","24","100","210","西藏自治区","那曲地区","聂荣县","聂荣镇","拉根村"
"54","24","24","200","201","西藏自治区","那曲地区","聂荣县","尼玛乡","色龙村"
"54","24","24","200","202","西藏自治区","那曲地区","聂荣县","尼玛乡","卓青村"
"54","24","24","200","203","西藏自治区","那曲地区","聂荣县","尼玛乡","龙玛尔村"
"54","24","24","200","204","西藏自治区","那曲地区","聂荣县","尼玛乡","铜龙村"
"54","24","24","200","205","西藏自治区","那曲地区","聂荣县","尼玛乡","加雄村"
"54","24","24","200","206","西藏自治区","那曲地区","聂荣县","尼玛乡","热达村"
"54","24","24","200","207","西藏自治区","那曲地区","聂荣县","尼玛乡","查仓村"
"54","24","24","200","208","西藏自治区","那曲地区","聂荣县","尼玛乡","玛尔库村"
"54","24","24","200","209","西藏自治区","那曲地区","聂荣县","尼玛乡","巴龙村"
"54","24","24","200","210","西藏自治区","那曲地区","聂荣县","尼玛乡","索琼村"
"54","24","24","200","211","西藏自治区","那曲地区","聂荣县","尼玛乡","玛尔杂村"
"54","24","24","200","212","西藏自治区","那曲地区","聂荣县","尼玛乡","永曲村"
"54","24","24","200","213","西藏自治区","那曲地区","聂荣县","尼玛乡","格色村"
"54","24","24","200","214","西藏自治区","那曲地区","聂荣县","尼玛乡","尼玛龙村"
"54","24","24","200","215","西藏自治区","那曲地区","聂荣县","尼玛乡","先培卓库村"
"54","24","24","200","216","西藏自治区","那曲地区","聂荣县","尼玛乡","森卡村"
"54","24","24","200","217","西藏自治区","那曲地区","聂荣县","尼玛乡","古龙村"
"54","24","24","200","218","西藏自治区","那曲地区","聂荣县","尼玛乡","俄东村"
"54","24","24","200","219","西藏自治区","那曲地区","聂荣县","尼玛乡","尼龙村"
"54","24","24","200","220","西藏自治区","那曲地区","聂荣县","尼玛乡","阿或来村"
"54","24","24","200","221","西藏自治区","那曲地区","聂荣县","尼玛乡","布地加村"
"54","24","24","201","201","西藏自治区","那曲地区","聂荣县","查当乡","格仓村"
"54","24","24","201","202","西藏自治区","那曲地区","聂荣县","查当乡","加龙村"
"54","24","24","201","203","西藏自治区","那曲地区","聂荣县","查当乡","波青村"
"54","24","24","201","204","西藏自治区","那曲地区","聂荣县","查当乡","色拉俄玛村"
"54","24","24","201","205","西藏自治区","那曲地区","聂荣县","查当乡","玛布村"
"54","24","24","201","206","西藏自治区","那曲地区","聂荣县","查当乡","嘎方村"
"54","24","24","201","207","西藏自治区","那曲地区","聂荣县","查当乡","色古龙巴村"
"54","24","24","201","208","西藏自治区","那曲地区","聂荣县","查当乡","索康那加村"
"54","24","24","201","209","西藏自治区","那曲地区","聂荣县","查当乡","龙年玛村"
"54","24","24","202","201","西藏自治区","那曲地区","聂荣县","当木江乡","玛岗村"
"54","24","24","202","202","西藏自治区","那曲地区","聂荣县","当木江乡","雪龙村"
"54","24","24","202","203","西藏自治区","那曲地区","聂荣县","当木江乡","拔卓村"
"54","24","24","202","204","西藏自治区","那曲地区","聂荣县","当木江乡","奎如村"
"54","24","24","202","205","西藏自治区","那曲地区","聂荣县","当木江乡","唐加村"
"54","24","24","202","206","西藏自治区","那曲地区","聂荣县","当木江乡","玛地村"
"54","24","24","202","207","西藏自治区","那曲地区","聂荣县","当木江乡","多那村"
"54","24","24","202","208","西藏自治区","那曲地区","聂荣县","当木江乡","松庆村"
"54","24","24","202","209","西藏自治区","那曲地区","聂荣县","当木江乡","曲擦村"
"54","24","24","202","210","西藏自治区","那曲地区","聂荣县","当木江乡","帕格村"
"54","24","24","202","211","西藏自治区","那曲地区","聂荣县","当木江乡","列玛村"
"54","24","24","202","212","西藏自治区","那曲地区","聂荣县","当木江乡","多珍俄玛村"
"54","24","24","202","213","西藏自治区","那曲地区","聂荣县","当木江乡","贡墨米村"
"54","24","24","202","214","西藏自治区","那曲地区","聂荣县","当木江乡","桑果村"
"54","24","24","203","201","西藏自治区","那曲地区","聂荣县","永曲乡","康库村"
"54","24","24","203","202","西藏自治区","那曲地区","聂荣县","永曲乡","夏聂村"
"54","24","24","203","203","西藏自治区","那曲地区","聂荣县","永曲乡","索格村"
"54","24","24","203","204","西藏自治区","那曲地区","聂荣县","永曲乡","纽雄村"
"54","24","24","203","205","西藏自治区","那曲地区","聂荣县","永曲乡","康绰村"
"54","24","24","203","206","西藏自治区","那曲地区","聂荣县","永曲乡","索普村"
"54","24","24","203","207","西藏自治区","那曲地区","聂荣县","永曲乡","加日尼瓦村"
"54","24","24","203","208","西藏自治区","那曲地区","聂荣县","永曲乡","夏杰村"
"54","24","24","203","209","西藏自治区","那曲地区","聂荣县","永曲乡","帮来嘎布村"
"54","24","24","203","210","西藏自治区","那曲地区","聂荣县","永曲乡","阿玛那促村"
"54","24","24","203","211","西藏自治区","那曲地区","聂荣县","永曲乡","朵那村"
"54","24","24","204","201","西藏自治区","那曲地区","聂荣县","索雄乡","央庆布吉卡村"
"54","24","24","204","202","西藏自治区","那曲地区","聂荣县","索雄乡","提玛村"
"54","24","24","204","203","西藏自治区","那曲地区","聂荣县","索雄乡","拉中村"
"54","24","24","204","204","西藏自治区","那曲地区","聂荣县","索雄乡","瓦培色库村"
"54","24","24","204","205","西藏自治区","那曲地区","聂荣县","索雄乡","巴让村"
"54","24","24","204","206","西藏自治区","那曲地区","聂荣县","索雄乡","杂龙那曲村"
"54","24","24","204","207","西藏自治区","那曲地区","聂荣县","索雄乡","格布村"
"54","24","24","205","201","西藏自治区","那曲地区","聂荣县","白雄乡","水木村"
"54","24","24","205","202","西藏自治区","那曲地区","聂荣县","白雄乡","查庆村"
"54","24","24","205","203","西藏自治区","那曲地区","聂荣县","白雄乡","帕曲通村"
"54","24","24","205","204","西藏自治区","那曲地区","聂荣县","白雄乡","别仓村"
"54","24","24","205","205","西藏自治区","那曲地区","聂荣县","白雄乡","果庆村"
"54","24","24","205","206","西藏自治区","那曲地区","聂荣县","白雄乡","查组村"
"54","24","24","205","207","西藏自治区","那曲地区","聂荣县","白雄乡","巴果村"
"54","24","24","205","208","西藏自治区","那曲地区","聂荣县","白雄乡","伟微村"
"54","24","24","205","209","西藏自治区","那曲地区","聂荣县","白雄乡","康果村"
"54","24","24","205","210","西藏自治区","那曲地区","聂荣县","白雄乡","嘎格朗村"
"54","24","24","205","211","西藏自治区","那曲地区","聂荣县","白雄乡","康切村"
"54","24","24","205","212","西藏自治区","那曲地区","聂荣县","白雄乡","央日巴玛村"
"54","24","24","205","213","西藏自治区","那曲地区","聂荣县","白雄乡","央日俄玛村"
"54","24","24","205","214","西藏自治区","那曲地区","聂荣县","白雄乡","西合村"
"54","24","24","206","201","西藏自治区","那曲地区","聂荣县","桑荣乡","玛扎村"
"54","24","24","206","202","西藏自治区","那曲地区","聂荣县","桑荣乡","多康巴村"
"54","24","24","206","203","西藏自治区","那曲地区","聂荣县","桑荣乡","格日村"
"54","24","24","206","204","西藏自治区","那曲地区","聂荣县","桑荣乡","加龙村"
"54","24","24","206","205","西藏自治区","那曲地区","聂荣县","桑荣乡","亚龙村"
"54","24","24","206","206","西藏自治区","那曲地区","聂荣县","桑荣乡","康绰村"
"54","24","24","206","207","西藏自治区","那曲地区","聂荣县","桑荣乡","措扎村"
"54","24","24","206","208","西藏自治区","那曲地区","聂荣县","桑荣乡","绰穷村"
"54","24","24","206","209","西藏自治区","那曲地区","聂荣县","桑荣乡","达龙村"
"54","24","24","206","210","西藏自治区","那曲地区","聂荣县","桑荣乡","绰雄村"
"54","24","24","207","201","西藏自治区","那曲地区","聂荣县","下曲乡","日入格觉村"
"54","24","24","207","202","西藏自治区","那曲地区","聂荣县","下曲乡","娘玛村"
"54","24","24","207","203","西藏自治区","那曲地区","聂荣县","下曲乡","桑玉村"
"54","24","24","207","204","西藏自治区","那曲地区","聂荣县","下曲乡","康荣村"
"54","24","24","207","205","西藏自治区","那曲地区","聂荣县","下曲乡","白嘎村"
"54","24","24","207","206","西藏自治区","那曲地区","聂荣县","下曲乡","江勒村"
"54","24","24","207","207","西藏自治区","那曲地区","聂荣县","下曲乡","巴果村"
"54","24","24","207","208","西藏自治区","那曲地区","聂荣县","下曲乡","噶玛娘村"
"54","24","24","207","209","西藏自治区","那曲地区","聂荣县","下曲乡","其布村"
"54","24","24","207","210","西藏自治区","那曲地区","聂荣县","下曲乡","那空村"
"54","24","24","207","211","西藏自治区","那曲地区","聂荣县","下曲乡","曲布日村"
"54","24","24","207","212","西藏自治区","那曲地区","聂荣县","下曲乡","恰青雄村"
"54","24","24","207","213","西藏自治区","那曲地区","聂荣县","下曲乡","多赤雄村"
"54","24","24","207","214","西藏自治区","那曲地区","聂荣县","下曲乡","尼玛隆村"
"54","24","24","207","215","西藏自治区","那曲地区","聂荣县","下曲乡","措崩村"
"54","24","24","208","201","西藏自治区","那曲地区","聂荣县","色庆乡","曲美多东村"
"54","24","24","208","202","西藏自治区","那曲地区","聂荣县","色庆乡","色确村"
"54","24","24","208","203","西藏自治区","那曲地区","聂荣县","色庆乡","木地村"
"54","24","24","208","204","西藏自治区","那曲地区","聂荣县","色庆乡","玉日村"
"54","24","24","208","205","西藏自治区","那曲地区","聂荣县","色庆乡","巴热村"
"54","24","24","208","206","西藏自治区","那曲地区","聂荣县","色庆乡","布曲村"
"54","24","24","208","207","西藏自治区","那曲地区","聂荣县","色庆乡","西江松果村"
"54","24","24","208","208","西藏自治区","那曲地区","聂荣县","色庆乡","嘎姆则亚村"
"54","24","24","208","209","西藏自治区","那曲地区","聂荣县","色庆乡","其波村"
"54","24","24","208","210","西藏自治区","那曲地区","聂荣县","色庆乡","斜嘎村"
"54","24","24","208","211","西藏自治区","那曲地区","聂荣县","色庆乡","玛容村"
"54","24","24","208","212","西藏自治区","那曲地区","聂荣县","色庆乡","其那村"
"54","24","24","208","213","西藏自治区","那曲地区","聂荣县","色庆乡","东吉昂村"
"54","24","24","208","214","西藏自治区","那曲地区","聂荣县","色庆乡","曲热布村"
"54","24","24","208","215","西藏自治区","那曲地区","聂荣县","色庆乡","措马村"
"54","24","24","208","216","西藏自治区","那曲地区","聂荣县","色庆乡","来波村"
"54","24","24","208","217","西藏自治区","那曲地区","聂荣县","色庆乡","崩杰村"
"54","24","24","208","218","西藏自治区","那曲地区","聂荣县","色庆乡","江苍村"
"54","24","24","208","219","西藏自治区","那曲地区","聂荣县","色庆乡","那日村"
"54","24","24","208","220","西藏自治区","那曲地区","聂荣县","色庆乡","羽毛雄村"
"54","24","24","208","221","西藏自治区","那曲地区","聂荣县","色庆乡","楚布布村"
"54","24","24","208","222","西藏自治区","那曲地区","聂荣县","色庆乡","达龙村"
"54","24","24","208","223","西藏自治区","那曲地区","聂荣县","色庆乡","朗青村"
"54","24","24","208","224","西藏自治区","那曲地区","聂荣县","色庆乡","彭青村"
"54","24","24","208","225","西藏自治区","那曲地区","聂荣县","色庆乡","楚口村"
"54","24","24","208","226","西藏自治区","那曲地区","聂荣县","色庆乡","帕玛村"
"54","24","24","208","227","西藏自治区","那曲地区","聂荣县","色庆乡","尼斜村"
"54","24","24","208","228","西藏自治区","那曲地区","聂荣县","色庆乡","帕玉村"
"54","24","25","100","001","西藏自治区","那曲地区","安多县","扎仁镇","纳色"
"54","24","25","100","201","西藏自治区","那曲地区","安多县","扎仁镇","麦龙村"
"54","24","25","100","202","西藏自治区","那曲地区","安多县","扎仁镇","再松村"
"54","24","25","100","203","西藏自治区","那曲地区","安多县","扎仁镇","拉姆措村"
"54","24","25","100","204","西藏自治区","那曲地区","安多县","扎仁镇","果加村"
"54","24","25","100","205","西藏自治区","那曲地区","安多县","扎仁镇","措沟洛玛村"
"54","24","25","100","206","西藏自治区","那曲地区","安多县","扎仁镇","热塔村"
"54","24","25","100","207","西藏自治区","那曲地区","安多县","扎仁镇","尼玛龙村"
"54","24","25","100","208","西藏自治区","那曲地区","安多县","扎仁镇","擦高工玛村"
"54","24","25","100","209","西藏自治区","那曲地区","安多县","扎仁镇","欧赤村"
"54","24","25","101","001","西藏自治区","那曲地区","安多县","雁石坪镇","雁石坪"
"54","24","25","101","201","西藏自治区","那曲地区","安多县","雁石坪镇","朱扣玛村"
"54","24","25","101","202","西藏自治区","那曲地区","安多县","雁石坪镇","那前玛村"
"54","24","25","101","203","西藏自治区","那曲地区","安多县","雁石坪镇","布玛代村"
"54","24","25","101","204","西藏自治区","那曲地区","安多县","雁石坪镇","门列桑玛村"
"54","24","25","101","205","西藏自治区","那曲地区","安多县","雁石坪镇","龙亚玛村"
"54","24","25","101","206","西藏自治区","那曲地区","安多县","雁石坪镇","欧布东村"
"54","24","25","101","207","西藏自治区","那曲地区","安多县","雁石坪镇","布卡日达村"
"54","24","25","102","001","西藏自治区","那曲地区","安多县","强玛镇","强玛"
"54","24","25","102","201","西藏自治区","那曲地区","安多县","强玛镇","吉扎布卡村"
"54","24","25","102","202","西藏自治区","那曲地区","安多县","强玛镇","热卡村"
"54","24","25","102","203","西藏自治区","那曲地区","安多县","强玛镇","酿心村"
"54","24","25","102","204","西藏自治区","那曲地区","安多县","强玛镇","觉毛村"
"54","24","25","102","205","西藏自治区","那曲地区","安多县","强玛镇","巴格村"
"54","24","25","103","001","西藏自治区","那曲地区","安多县","帕那镇","帕那"
"54","24","25","103","201","西藏自治区","那曲地区","安多县","帕那镇","扎烈金村"
"54","24","25","103","202","西藏自治区","那曲地区","安多县","帕那镇","土若村"
"54","24","25","103","203","西藏自治区","那曲地区","安多县","帕那镇","申格卡岗村"
"54","24","25","200","201","西藏自治区","那曲地区","安多县","措玛乡","措亚玛村"
"54","24","25","200","202","西藏自治区","那曲地区","安多县","措玛乡","活龙下日村"
"54","24","25","200","203","西藏自治区","那曲地区","安多县","措玛乡","古瓦曲美村"
"54","24","25","200","204","西藏自治区","那曲地区","安多县","措玛乡","加秀玛村"
"54","24","25","200","205","西藏自治区","那曲地区","安多县","措玛乡","龙那村"
"54","24","25","200","206","西藏自治区","那曲地区","安多县","措玛乡","加布村"
"54","24","25","201","201","西藏自治区","那曲地区","安多县","滩堆乡","昂青村"
"54","24","25","201","202","西藏自治区","那曲地区","安多县","滩堆乡","龙仁村"
"54","24","25","201","203","西藏自治区","那曲地区","安多县","滩堆乡","隆Q村"
"54","24","25","202","201","西藏自治区","那曲地区","安多县","扎曲乡","纳青美追果村"
"54","24","25","202","202","西藏自治区","那曲地区","安多县","扎曲乡","萨太尔村"
"54","24","25","202","203","西藏自治区","那曲地区","安多县","扎曲乡","泡曲塔村"
"54","24","25","202","204","西藏自治区","那曲地区","安多县","扎曲乡","康色梅张日村"
"54","24","25","203","201","西藏自治区","那曲地区","安多县","岗尼乡","隆木村"
"54","24","25","203","202","西藏自治区","那曲地区","安多县","岗尼乡","当果岗尼村"
"54","24","25","203","203","西藏自治区","那曲地区","安多县","岗尼乡","尼玛隆村"
"54","24","25","203","204","西藏自治区","那曲地区","安多县","岗尼乡","纳那查村"
"54","24","25","203","205","西藏自治区","那曲地区","安多县","岗尼乡","Q尔冉日隆村"
"54","24","25","203","206","西藏自治区","那曲地区","安多县","岗尼乡","多玛米日贡欧村"
"54","24","25","203","207","西藏自治区","那曲地区","安多县","岗尼乡","多卓加江村"
"54","24","25","204","201","西藏自治区","那曲地区","安多县","玛曲乡","占木拉村"
"54","24","25","204","202","西藏自治区","那曲地区","安多县","玛曲乡","康塔克切村"
"54","24","25","204","203","西藏自治区","那曲地区","安多县","玛曲乡","罗台村"
"54","24","25","204","204","西藏自治区","那曲地区","安多县","玛曲乡","如来村"
"54","24","25","204","205","西藏自治区","那曲地区","安多县","玛曲乡","杂那村"
"54","24","25","204","206","西藏自治区","那曲地区","安多县","玛曲乡","玛索日村"
"54","24","25","205","201","西藏自治区","那曲地区","安多县","色务乡","美接岗村"
"54","24","25","205","202","西藏自治区","那曲地区","安多县","色务乡","桑果村"
"54","24","25","205","203","西藏自治区","那曲地区","安多县","色务乡","巴姆多宗村"
"54","24","25","205","204","西藏自治区","那曲地区","安多县","色务乡","玛毛许那村"
"54","24","25","206","201","西藏自治区","那曲地区","安多县","玛荣乡","夏杰欧切玛村"
"54","24","25","206","202","西藏自治区","那曲地区","安多县","玛荣乡","曲桑尼都村"
"54","24","25","206","203","西藏自治区","那曲地区","安多县","玛荣乡","改巴村"
"54","24","25","206","204","西藏自治区","那曲地区","安多县","玛荣乡","曲桑勒玛那欧村"
"54","24","25","207","201","西藏自治区","那曲地区","安多县","多玛乡","东日村"
"54","24","25","207","202","西藏自治区","那曲地区","安多县","多玛乡","西恰曲超超贡玛村"
"54","24","25","207","203","西藏自治区","那曲地区","安多县","多玛乡","Q日色纳尼村"
"54","24","25","207","204","西藏自治区","那曲地区","安多县","多玛乡","Q尔扎仁村"
"54","24","25","207","205","西藏自治区","那曲地区","安多县","多玛乡","多尔嘎恰荣村"
"54","24","25","207","206","西藏自治区","那曲地区","安多县","多玛乡","扣木扎庆村"
"54","24","25","207","207","西藏自治区","那曲地区","安多县","多玛乡","古西东村"
"54","24","25","208","201","西藏自治区","那曲地区","安多县","帮麦乡","果仓村"
"54","24","25","208","202","西藏自治区","那曲地区","安多县","帮麦乡","多卓如村"
"54","24","25","208","203","西藏自治区","那曲地区","安多县","帮麦乡","藏占村"
"54","24","25","208","204","西藏自治区","那曲地区","安多县","帮麦乡","曲日下玛村"
"54","24","25","208","205","西藏自治区","那曲地区","安多县","帮麦乡","桑天曲果村"
"54","24","26","100","001","西藏自治区","那曲地区","申扎县","申扎镇","嘎桑多"
"54","24","26","100","002","西藏自治区","那曲地区","申扎县","申扎镇","融塞多"
"54","24","26","100","201","西藏自治区","那曲地区","申扎县","申扎镇","那查村"
"54","24","26","100","202","西藏自治区","那曲地区","申扎县","申扎镇","罗布村"
"54","24","26","100","203","西藏自治区","那曲地区","申扎县","申扎镇","羌戎村"
"54","24","26","100","204","西藏自治区","那曲地区","申扎县","申扎镇","曲布村"
"54","24","26","100","205","西藏自治区","那曲地区","申扎县","申扎镇","永珠沃玛村"
"54","24","26","100","206","西藏自治区","那曲地区","申扎县","申扎镇","仁那多村"
"54","24","26","101","201","西藏自治区","那曲地区","申扎县","雄梅镇","色宗村"
"54","24","26","101","202","西藏自治区","那曲地区","申扎县","雄梅镇","达果村"
"54","24","26","101","203","西藏自治区","那曲地区","申扎县","雄梅镇","许隆村"
"54","24","26","101","204","西藏自治区","那曲地区","申扎县","雄梅镇","曲志德吉新村"
"54","24","26","101","205","西藏自治区","那曲地区","申扎县","雄梅镇","贡琼村"
"54","24","26","101","206","西藏自治区","那曲地区","申扎县","雄梅镇","多绕村"
"54","24","26","101","207","西藏自治区","那曲地区","申扎县","雄梅镇","玉拉村"
"54","24","26","101","208","西藏自治区","那曲地区","申扎县","雄梅镇","江雄村"
"54","24","26","101","209","西藏自治区","那曲地区","申扎县","雄梅镇","通村"
"54","24","26","101","210","西藏自治区","那曲地区","申扎县","雄梅镇","尼查村"
"54","24","26","200","201","西藏自治区","那曲地区","申扎县","马跃乡","门唐村"
"54","24","26","200","202","西藏自治区","那曲地区","申扎县","马跃乡","江扎村"
"54","24","26","200","203","西藏自治区","那曲地区","申扎县","马跃乡","彭康村"
"54","24","26","200","204","西藏自治区","那曲地区","申扎县","马跃乡","贝嘎村"
"54","24","26","200","205","西藏自治区","那曲地区","申扎县","马跃乡","泽典村"
"54","24","26","200","206","西藏自治区","那曲地区","申扎县","马跃乡","普宗村"
"54","24","26","201","201","西藏自治区","那曲地区","申扎县","买巴乡","亚色村"
"54","24","26","201","202","西藏自治区","那曲地区","申扎县","买巴乡","东热村"
"54","24","26","201","203","西藏自治区","那曲地区","申扎县","买巴乡","扎琼村"
"54","24","26","201","204","西藏自治区","那曲地区","申扎县","买巴乡","果芒村"
"54","24","26","201","205","西藏自治区","那曲地区","申扎县","买巴乡","鲁久村"
"54","24","26","202","201","西藏自治区","那曲地区","申扎县","塔尔玛乡","贡西村"
"54","24","26","202","202","西藏自治区","那曲地区","申扎县","塔尔玛乡","江姆村"
"54","24","26","202","203","西藏自治区","那曲地区","申扎县","塔尔玛乡","多琼村"
"54","24","26","202","204","西藏自治区","那曲地区","申扎县","塔尔玛乡","朗泽村"
"54","24","26","202","205","西藏自治区","那曲地区","申扎县","塔尔玛乡","查日村"
"54","24","26","202","206","西藏自治区","那曲地区","申扎县","塔尔玛乡","格玛村"
"54","24","26","202","207","西藏自治区","那曲地区","申扎县","塔尔玛乡","色地村"
"54","24","26","202","208","西藏自治区","那曲地区","申扎县","塔尔玛乡","确曲村"
"54","24","26","202","209","西藏自治区","那曲地区","申扎县","塔尔玛乡","达龙村"
"54","24","26","202","210","西藏自治区","那曲地区","申扎县","塔尔玛乡","杂日村"
"54","24","26","202","211","西藏自治区","那曲地区","申扎县","塔尔玛乡","隆桑村"
"54","24","26","202","212","西藏自治区","那曲地区","申扎县","塔尔玛乡","如卡村"
"54","24","26","202","213","西藏自治区","那曲地区","申扎县","塔尔玛乡","娘仓村"
"54","24","26","202","214","西藏自治区","那曲地区","申扎县","塔尔玛乡","金东村"
"54","24","26","203","201","西藏自治区","那曲地区","申扎县","下过乡","宗斯村"
"54","24","26","203","202","西藏自治区","那曲地区","申扎县","下过乡","下过村"
"54","24","26","203","203","西藏自治区","那曲地区","申扎县","下过乡","那宗村"
"54","24","26","203","204","西藏自治区","那曲地区","申扎县","下过乡","扎热罗玛村"
"54","24","26","203","205","西藏自治区","那曲地区","申扎县","下过乡","白仓村"
"54","24","26","203","206","西藏自治区","那曲地区","申扎县","下过乡","德仁村"
"54","24","26","204","201","西藏自治区","那曲地区","申扎县","卡乡","普巴村"
"54","24","26","204","202","西藏自治区","那曲地区","申扎县","卡乡","普玛村"
"54","24","26","204","203","西藏自治区","那曲地区","申扎县","卡乡","德朗村"
"54","24","26","204","204","西藏自治区","那曲地区","申扎县","卡乡","上仓贡玛村"
"54","24","26","204","205","西藏自治区","那曲地区","申扎县","卡乡","强欧贡玛村"
"54","24","26","204","206","西藏自治区","那曲地区","申扎县","卡乡","曲松普村"
"54","24","26","205","201","西藏自治区","那曲地区","申扎县","巴扎乡","查卡村"
"54","24","26","205","202","西藏自治区","那曲地区","申扎县","巴扎乡","几地沃玛村"
"54","24","26","205","203","西藏自治区","那曲地区","申扎县","巴扎乡","那切村"
"54","24","26","205","204","西藏自治区","那曲地区","申扎县","巴扎乡","美朵雷村"
"54","24","26","205","205","西藏自治区","那曲地区","申扎县","巴扎乡","几那村"
"54","24","26","205","206","西藏自治区","那曲地区","申扎县","巴扎乡","色尼村"
"54","24","26","205","207","西藏自治区","那曲地区","申扎县","巴扎乡","帕帐沃玛村"
"54","24","27","100","001","西藏自治区","那曲地区","索县","亚拉镇","赞丹雪第一"
"54","24","27","100","002","西藏自治区","那曲地区","索县","亚拉镇","赞丹雪第二"
"54","24","27","100","201","西藏自治区","那曲地区","索县","亚拉镇","强雄村"
"54","24","27","100","202","西藏自治区","那曲地区","索县","亚拉镇","永纳库村"
"54","24","27","100","203","西藏自治区","那曲地区","索县","亚拉镇","杂色村"
"54","24","27","100","204","西藏自治区","那曲地区","索县","亚拉镇","乡庆达村"
"54","24","27","100","205","西藏自治区","那曲地区","索县","亚拉镇","巴格朵村"
"54","24","27","100","206","西藏自治区","那曲地区","索县","亚拉镇","江青村"
"54","24","27","100","207","西藏自治区","那曲地区","索县","亚拉镇","超父塘村"
"54","24","27","100","208","西藏自治区","那曲地区","索县","亚拉镇","卡玛村"
"54","24","27","100","209","西藏自治区","那曲地区","索县","亚拉镇","叶口村"
"54","24","27","100","210","西藏自治区","那曲地区","索县","亚拉镇","羌波多村"
"54","24","27","100","211","西藏自治区","那曲地区","索县","亚拉镇","切珠村"
"54","24","27","100","212","西藏自治区","那曲地区","索县","亚拉镇","优纳村"
"54","24","27","100","213","西藏自治区","那曲地区","索县","亚拉镇","色热塘村"
"54","24","27","100","214","西藏自治区","那曲地区","索县","亚拉镇","亚安登村"
"54","24","27","100","215","西藏自治区","那曲地区","索县","亚拉镇","果巴塘村"
"54","24","27","101","201","西藏自治区","那曲地区","索县","荣布镇","结隆塘村"
"54","24","27","101","202","西藏自治区","那曲地区","索县","荣布镇","玉雄村"
"54","24","27","101","203","西藏自治区","那曲地区","索县","荣布镇","恰达卡村"
"54","24","27","101","204","西藏自治区","那曲地区","索县","荣布镇","酷玉村"
"54","24","27","101","205","西藏自治区","那曲地区","索县","荣布镇","岗嘎村"
"54","24","27","101","206","西藏自治区","那曲地区","索县","荣布镇","岗达村"
"54","24","27","101","207","西藏自治区","那曲地区","索县","荣布镇","同日达村"
"54","24","27","101","208","西藏自治区","那曲地区","索县","荣布镇","翁达卡村"
"54","24","27","101","209","西藏自治区","那曲地区","索县","荣布镇","帕荣达村"
"54","24","27","101","210","西藏自治区","那曲地区","索县","荣布镇","那峨长村"
"54","24","27","101","211","西藏自治区","那曲地区","索县","荣布镇","普松普村"
"54","24","27","101","212","西藏自治区","那曲地区","索县","荣布镇","吉若塘村"
"54","24","27","101","213","西藏自治区","那曲地区","索县","荣布镇","拉朵塘村"
"54","24","27","101","214","西藏自治区","那曲地区","索县","荣布镇","斯东卡村"
"54","24","27","101","215","西藏自治区","那曲地区","索县","荣布镇","括罗达村"
"54","24","27","101","216","西藏自治区","那曲地区","索县","荣布镇","秋嘎村"
"54","24","27","101","217","西藏自治区","那曲地区","索县","荣布镇","强巴村"
"54","24","27","101","218","西藏自治区","那曲地区","索县","荣布镇","帕达村"
"54","24","27","101","219","西藏自治区","那曲地区","索县","荣布镇","拉色村"
"54","24","27","101","220","西藏自治区","那曲地区","索县","荣布镇","央卓村"
"54","24","27","101","221","西藏自治区","那曲地区","索县","荣布镇","阔尔塔达村"
"54","24","27","101","222","西藏自治区","那曲地区","索县","荣布镇","贡米村"
"54","24","27","101","223","西藏自治区","那曲地区","索县","荣布镇","瓦多改村"
"54","24","27","200","201","西藏自治区","那曲地区","索县","若达乡","索卡村"
"54","24","27","200","202","西藏自治区","那曲地区","索县","若达乡","崩达村"
"54","24","27","200","203","西藏自治区","那曲地区","索县","若达乡","旦特卡村"
"54","24","27","200","204","西藏自治区","那曲地区","索县","若达乡","霍德卡村"
"54","24","27","200","205","西藏自治区","那曲地区","索县","若达乡","察瓦卡村"
"54","24","27","200","206","西藏自治区","那曲地区","索县","若达乡","斯定卡村"
"54","24","27","200","207","西藏自治区","那曲地区","索县","若达乡","嘎瓦卡村"
"54","24","27","200","208","西藏自治区","那曲地区","索县","若达乡","若达村"
"54","24","27","200","209","西藏自治区","那曲地区","索县","若达乡","乡孜卡村"
"54","24","27","201","201","西藏自治区","那曲地区","索县","热瓦乡","央达村"
"54","24","27","201","202","西藏自治区","那曲地区","索县","热瓦乡","朗多村"
"54","24","27","201","203","西藏自治区","那曲地区","索县","热瓦乡","热热村"
"54","24","27","201","204","西藏自治区","那曲地区","索县","热瓦乡","白庆村"
"54","24","27","201","205","西藏自治区","那曲地区","索县","热瓦乡","拉囊塘村"
"54","24","27","201","206","西藏自治区","那曲地区","索县","热瓦乡","瓦热村"
"54","24","27","202","201","西藏自治区","那曲地区","索县","西昌乡","热布村"
"54","24","27","202","202","西藏自治区","那曲地区","索县","西昌乡","如囊村"
"54","24","27","202","203","西藏自治区","那曲地区","索县","西昌乡","如庆塘村"
"54","24","27","202","204","西藏自治区","那曲地区","索县","西昌乡","强根卡村"
"54","24","27","202","205","西藏自治区","那曲地区","索县","西昌乡","色昌卡村"
"54","24","27","202","206","西藏自治区","那曲地区","索县","西昌乡","查夏尔村"
"54","24","27","202","207","西藏自治区","那曲地区","索县","西昌乡","南巴村"
"54","24","27","202","208","西藏自治区","那曲地区","索县","西昌乡","亚冲村"
"54","24","27","202","209","西藏自治区","那曲地区","索县","西昌乡","达宗村"
"54","24","27","202","210","西藏自治区","那曲地区","索县","西昌乡","帕亚村"
"54","24","27","202","211","西藏自治区","那曲地区","索县","西昌乡","帕尔肖村"
"54","24","27","203","201","西藏自治区","那曲地区","索县","嘎木乡","加岗村"
"54","24","27","203","202","西藏自治区","那曲地区","索县","嘎木乡","翁昂村"
"54","24","27","203","203","西藏自治区","那曲地区","索县","嘎木乡","博罗村"
"54","24","27","203","204","西藏自治区","那曲地区","索县","嘎木乡","嘎木旺村"
"54","24","27","203","205","西藏自治区","那曲地区","索县","嘎木乡","内西村"
"54","24","27","203","206","西藏自治区","那曲地区","索县","嘎木乡","拉延村"
"54","24","27","204","201","西藏自治区","那曲地区","索县","赤多乡","库巴村"
"54","24","27","204","202","西藏自治区","那曲地区","索县","赤多乡","赤雄村"
"54","24","27","204","203","西藏自治区","那曲地区","索县","赤多乡","塘兴村"
"54","24","27","204","204","西藏自治区","那曲地区","索县","赤多乡","达岗村"
"54","24","27","204","205","西藏自治区","那曲地区","索县","赤多乡","达囊村"
"54","24","27","204","206","西藏自治区","那曲地区","索县","赤多乡","定巴卡村"
"54","24","27","204","207","西藏自治区","那曲地区","索县","赤多乡","德央雪村"
"54","24","27","204","208","西藏自治区","那曲地区","索县","赤多乡","若宗卡村"
"54","24","27","204","209","西藏自治区","那曲地区","索县","赤多乡","宗巴卡村"
"54","24","27","205","201","西藏自治区","那曲地区","索县","嘎美乡","旁嘎村"
"54","24","27","205","202","西藏自治区","那曲地区","索县","嘎美乡","丘门村"
"54","24","27","205","203","西藏自治区","那曲地区","索县","嘎美乡","贡达塘村"
"54","24","27","205","204","西藏自治区","那曲地区","索县","嘎美乡","达萨卡村"
"54","24","27","205","205","西藏自治区","那曲地区","索县","嘎美乡","普热卡村"
"54","24","27","205","206","西藏自治区","那曲地区","索县","嘎美乡","热庆囊村"
"54","24","27","205","207","西藏自治区","那曲地区","索县","嘎美乡","克杂达村"
"54","24","27","205","208","西藏自治区","那曲地区","索县","嘎美乡","龙通达村"
"54","24","27","205","209","西藏自治区","那曲地区","索县","嘎美乡","苏炯村"
"54","24","27","205","210","西藏自治区","那曲地区","索县","嘎美乡","美龙囊村"
"54","24","27","205","211","西藏自治区","那曲地区","索县","嘎美乡","尼朵塘村"
"54","24","27","205","212","西藏自治区","那曲地区","索县","嘎美乡","普贡塘村"
"54","24","27","205","213","西藏自治区","那曲地区","索县","嘎美乡","那那达村"
"54","24","27","205","214","西藏自治区","那曲地区","索县","嘎美乡","朵崩库村"
"54","24","27","205","215","西藏自治区","那曲地区","索县","嘎美乡","秀索卡村"
"54","24","27","205","216","西藏自治区","那曲地区","索县","嘎美乡","童摸囊村"
"54","24","27","205","217","西藏自治区","那曲地区","索县","嘎美乡","弯入达村"
"54","24","27","205","218","西藏自治区","那曲地区","索县","嘎美乡","隆姆库村"
"54","24","27","206","201","西藏自治区","那曲地区","索县","加勒乡","叶麦村"
"54","24","27","206","202","西藏自治区","那曲地区","索县","加勒乡","莫囊村"
"54","24","27","206","203","西藏自治区","那曲地区","索县","加勒乡","嘎米卡村"
"54","24","27","206","204","西藏自治区","那曲地区","索县","加勒乡","色库村"
"54","24","27","206","205","西藏自治区","那曲地区","索县","加勒乡","雪村"
"54","24","27","206","206","西藏自治区","那曲地区","索县","加勒乡","当达村"
"54","24","27","206","207","西藏自治区","那曲地区","索县","加勒乡","帕俄贡村"
"54","24","27","206","208","西藏自治区","那曲地区","索县","加勒乡","瓦拉村"
"54","24","27","206","209","西藏自治区","那曲地区","索县","加勒乡","威巴村"
"54","24","27","206","210","西藏自治区","那曲地区","索县","加勒乡","贡塔雪村"
"54","24","27","206","211","西藏自治区","那曲地区","索县","加勒乡","几荣村"
"54","24","27","206","212","西藏自治区","那曲地区","索县","加勒乡","嘎达村"
"54","24","27","206","213","西藏自治区","那曲地区","索县","加勒乡","达雄村"
"54","24","27","206","214","西藏自治区","那曲地区","索县","加勒乡","布德村"
"54","24","27","207","201","西藏自治区","那曲地区","索县","江达乡","尼木村"
"54","24","27","207","202","西藏自治区","那曲地区","索县","江达乡","克定村"
"54","24","27","207","203","西藏自治区","那曲地区","索县","江达乡","迪书卡村"
"54","24","27","207","204","西藏自治区","那曲地区","索县","江达乡","赤秀村"
"54","24","27","207","205","西藏自治区","那曲地区","索县","江达乡","达亥村"
"54","24","27","207","206","西藏自治区","那曲地区","索县","江达乡","岗定卡村"
"54","24","27","207","207","西藏自治区","那曲地区","索县","江达乡","努普村"
"54","24","27","207","208","西藏自治区","那曲地区","索县","江达乡","江达村"
"54","24","27","207","209","西藏自治区","那曲地区","索县","江达乡","措白卡村"
"54","24","27","207","210","西藏自治区","那曲地区","索县","江达乡","秀乃村"
"54","24","27","207","211","西藏自治区","那曲地区","索县","江达乡","奖定村"
"54","24","28","100","001","西藏自治区","那曲地区","班戈县","普保镇","杰布多"
"54","24","28","100","002","西藏自治区","那曲地区","班戈县","普保镇","格色"
"54","24","28","100","201","西藏自治区","那曲地区","班戈县","普保镇","岗果村"
"54","24","28","100","202","西藏自治区","那曲地区","班戈县","普保镇","老县村"
"54","24","28","100","203","西藏自治区","那曲地区","班戈县","普保镇","杰订村"
"54","24","28","100","204","西藏自治区","那曲地区","班戈县","普保镇","多尔格村"
"54","24","28","100","205","西藏自治区","那曲地区","班戈县","普保镇","雄杜村"
"54","24","28","100","206","西藏自治区","那曲地区","班戈县","普保镇","热前村"
"54","24","28","100","207","西藏自治区","那曲地区","班戈县","普保镇","那拉玛村"
"54","24","28","100","208","西藏自治区","那曲地区","班戈县","普保镇","丁强玛村"
"54","24","28","101","001","西藏自治区","那曲地区","班戈县","北拉镇","玛荣刚地"
"54","24","28","101","201","西藏自治区","那曲地区","班戈县","北拉镇","其龙村"
"54","24","28","101","202","西藏自治区","那曲地区","班戈县","北拉镇","拉庆多村"
"54","24","28","101","203","西藏自治区","那曲地区","班戈县","北拉镇","措俄口村"
"54","24","28","101","204","西藏自治区","那曲地区","班戈县","北拉镇","镇荣村"
"54","24","28","101","205","西藏自治区","那曲地区","班戈县","北拉镇","那宗村"
"54","24","28","101","206","西藏自治区","那曲地区","班戈县","北拉镇","拉龙村"
"54","24","28","101","207","西藏自治区","那曲地区","班戈县","北拉镇","热多村"
"54","24","28","101","208","西藏自治区","那曲地区","班戈县","北拉镇","恰列村"
"54","24","28","101","209","西藏自治区","那曲地区","班戈县","北拉镇","查仓村"
"54","24","28","101","210","西藏自治区","那曲地区","班戈县","北拉镇","边前村"
"54","24","28","101","211","西藏自治区","那曲地区","班戈县","北拉镇","场角村"
"54","24","28","101","212","西藏自治区","那曲地区","班戈县","北拉镇","布龙村"
"54","24","28","102","001","西藏自治区","那曲地区","班戈县","佳琼镇","多尔查"
"54","24","28","102","201","西藏自治区","那曲地区","班戈县","佳琼镇","多地村"
"54","24","28","102","202","西藏自治区","那曲地区","班戈县","佳琼镇","央木布村"
"54","24","28","102","203","西藏自治区","那曲地区","班戈县","佳琼镇","那高查村"
"54","24","28","102","204","西藏自治区","那曲地区","班戈县","佳琼镇","热卡努玛村"
"54","24","28","102","205","西藏自治区","那曲地区","班戈县","佳琼镇","热卡下玛村"
"54","24","28","103","001","西藏自治区","那曲地区","班戈县","德庆镇","那高查"
"54","24","28","103","201","西藏自治区","那曲地区","班戈县","德庆镇","亚零村"
"54","24","28","103","202","西藏自治区","那曲地区","班戈县","德庆镇","那色村"
"54","24","28","103","203","西藏自治区","那曲地区","班戈县","德庆镇","加龙村"
"54","24","28","103","204","西藏自治区","那曲地区","班戈县","德庆镇","乡那村"
"54","24","28","103","205","西藏自治区","那曲地区","班戈县","德庆镇","南措村"
"54","24","28","103","206","西藏自治区","那曲地区","班戈县","德庆镇","南美村"
"54","24","28","103","207","西藏自治区","那曲地区","班戈县","德庆镇","保雄村"
"54","24","28","200","201","西藏自治区","那曲地区","班戈县","马前乡","吾荣村"
"54","24","28","200","202","西藏自治区","那曲地区","班戈县","马前乡","嘎穷村"
"54","24","28","200","203","西藏自治区","那曲地区","班戈县","马前乡","赛那村"
"54","24","28","200","204","西藏自治区","那曲地区","班戈县","马前乡","卡我尼亚村"
"54","24","28","200","205","西藏自治区","那曲地区","班戈县","马前乡","贡曲村"
"54","24","28","201","201","西藏自治区","那曲地区","班戈县","门当乡","加隆村"
"54","24","28","201","202","西藏自治区","那曲地区","班戈县","门当乡","俄如松多村"
"54","24","28","201","203","西藏自治区","那曲地区","班戈县","门当乡","热孜村"
"54","24","28","201","204","西藏自治区","那曲地区","班戈县","门当乡","那拉姆村"
"54","24","28","201","205","西藏自治区","那曲地区","班戈县","门当乡","桑姆村"
"54","24","28","201","206","西藏自治区","那曲地区","班戈县","门当乡","嘎穷村"
"54","24","28","201","207","西藏自治区","那曲地区","班戈县","门当乡","俄桑扎那村"
"54","24","28","201","208","西藏自治区","那曲地区","班戈县","门当乡","古嘎村"
"54","24","28","201","209","西藏自治区","那曲地区","班戈县","门当乡","果村"
"54","24","28","201","210","西藏自治区","那曲地区","班戈县","门当乡","宗隆村"
"54","24","28","201","211","西藏自治区","那曲地区","班戈县","门当乡","知荣村"
"54","24","28","202","201","西藏自治区","那曲地区","班戈县","保吉乡","加日村"
"54","24","28","202","202","西藏自治区","那曲地区","班戈县","保吉乡","路日村"
"54","24","28","202","203","西藏自治区","那曲地区","班戈县","保吉乡","热她村"
"54","24","28","202","204","西藏自治区","那曲地区","班戈县","保吉乡","扎嘎村"
"54","24","28","202","205","西藏自治区","那曲地区","班戈县","保吉乡","隆嘎村"
"54","24","28","202","206","西藏自治区","那曲地区","班戈县","保吉乡","地如村"
"54","24","28","202","207","西藏自治区","那曲地区","班戈县","保吉乡","加南村"
"54","24","28","203","201","西藏自治区","那曲地区","班戈县","青龙乡","青龙村"
"54","24","28","203","202","西藏自治区","那曲地区","班戈县","青龙乡","巴嘎村"
"54","24","28","203","203","西藏自治区","那曲地区","班戈县","青龙乡","啊古村"
"54","24","28","203","204","西藏自治区","那曲地区","班戈县","青龙乡","东嘎村"
"54","24","28","203","205","西藏自治区","那曲地区","班戈县","青龙乡","嘎雄村"
"54","24","28","203","206","西藏自治区","那曲地区","班戈县","青龙乡","加岗村"
"54","24","28","203","207","西藏自治区","那曲地区","班戈县","青龙乡","夺纳村"
"54","24","28","203","208","西藏自治区","那曲地区","班戈县","青龙乡","啊雄村"
"54","24","28","203","209","西藏自治区","那曲地区","班戈县","青龙乡","加苏村"
"54","24","28","204","201","西藏自治区","那曲地区","班戈县","新吉乡","扣求村"
"54","24","28","204","202","西藏自治区","那曲地区","班戈县","新吉乡","路布村"
"54","24","28","204","203","西藏自治区","那曲地区","班戈县","新吉乡","诺地村"
"54","24","28","204","204","西藏自治区","那曲地区","班戈县","新吉乡","路干村"
"54","24","28","204","205","西藏自治区","那曲地区","班戈县","新吉乡","曲森村"
"54","24","28","204","206","西藏自治区","那曲地区","班戈县","新吉乡","杂那村"
"54","24","28","204","207","西藏自治区","那曲地区","班戈县","新吉乡","古嘎村"
"54","24","28","204","208","西藏自治区","那曲地区","班戈县","新吉乡","羌都村"
"54","24","28","204","209","西藏自治区","那曲地区","班戈县","新吉乡","羌梅村"
"54","24","28","205","201","西藏自治区","那曲地区","班戈县","尼玛乡","吾前村"
"54","24","28","205","202","西藏自治区","那曲地区","班戈县","尼玛乡","杂空村"
"54","24","28","205","203","西藏自治区","那曲地区","班戈县","尼玛乡","达果村"
"54","24","28","205","204","西藏自治区","那曲地区","班戈县","尼玛乡","塞龙村"
"54","24","28","205","205","西藏自治区","那曲地区","班戈县","尼玛乡","下地村"
"54","24","28","205","206","西藏自治区","那曲地区","班戈县","尼玛乡","琼果村"
"54","24","28","205","207","西藏自治区","那曲地区","班戈县","尼玛乡","尼德村"
"54","24","28","205","208","西藏自治区","那曲地区","班戈县","尼玛乡","沙吉村"
"54","24","29","100","001","西藏自治区","那曲地区","巴青县","雅安镇","普古格"
"54","24","29","100","201","西藏自治区","那曲地区","巴青县","雅安镇","荣嘎村"
"54","24","29","100","202","西藏自治区","那曲地区","巴青县","雅安镇","公随村"
"54","24","29","100","203","西藏自治区","那曲地区","巴青县","雅安镇","夏卓格村"
"54","24","29","100","204","西藏自治区","那曲地区","巴青县","雅安镇","约雄村"
"54","24","29","100","205","西藏自治区","那曲地区","巴青县","雅安镇","琼仓纳村"
"54","24","29","100","206","西藏自治区","那曲地区","巴青县","雅安镇","那觉改村"
"54","24","29","100","207","西藏自治区","那曲地区","巴青县","雅安镇","格夏贡村"
"54","24","29","100","208","西藏自治区","那曲地区","巴青县","雅安镇","央堆村"
"54","24","29","100","209","西藏自治区","那曲地区","巴青县","雅安镇","恰沃卡村"
"54","24","29","100","210","西藏自治区","那曲地区","巴青县","雅安镇","帮庆囊村"
"54","24","29","100","211","西藏自治区","那曲地区","巴青县","雅安镇","帮琼囊村"
"54","24","29","100","212","西藏自治区","那曲地区","巴青县","雅安镇","杂木Q村"
"54","24","29","100","213","西藏自治区","那曲地区","巴青县","雅安镇","白曲卡村"
"54","24","29","100","214","西藏自治区","那曲地区","巴青县","雅安镇","昌玛卡村"
"54","24","29","100","215","西藏自治区","那曲地区","巴青县","雅安镇","加古格村"
"54","24","29","100","216","西藏自治区","那曲地区","巴青县","雅安镇","贡庆达村"
"54","24","29","100","217","西藏自治区","那曲地区","巴青县","雅安镇","雅安卡村"
"54","24","29","101","001","西藏自治区","那曲地区","巴青县","拉西镇","棍郭"
"54","24","29","101","201","西藏自治区","那曲地区","巴青县","拉西镇","扎勒卡村"
"54","24","29","101","202","西藏自治区","那曲地区","巴青县","拉西镇","那布随村"
"54","24","29","101","203","西藏自治区","那曲地区","巴青县","拉西镇","古琼囊村"
"54","24","29","101","204","西藏自治区","那曲地区","巴青县","拉西镇","古庆达村"
"54","24","29","101","205","西藏自治区","那曲地区","巴青县","拉西镇","古庆普村"
"54","24","29","101","206","西藏自治区","那曲地区","巴青县","拉西镇","仲格村"
"54","24","29","101","207","西藏自治区","那曲地区","巴青县","拉西镇","瓦庆村"
"54","24","29","101","208","西藏自治区","那曲地区","巴青县","拉西镇","江聂改村"
"54","24","29","101","209","西藏自治区","那曲地区","巴青县","拉西镇","顿次卡村"
"54","24","29","101","210","西藏自治区","那曲地区","巴青县","拉西镇","达热村"
"54","24","29","101","211","西藏自治区","那曲地区","巴青县","拉西镇","玉宗根村"
"54","24","29","101","212","西藏自治区","那曲地区","巴青县","拉西镇","拉西塘村"
"54","24","29","101","213","西藏自治区","那曲地区","巴青县","拉西镇","珠确达村"
"54","24","29","101","214","西藏自治区","那曲地区","巴青县","拉西镇","夺布村"
"54","24","29","101","215","西藏自治区","那曲地区","巴青县","拉西镇","勒直跟村"
"54","24","29","101","216","西藏自治区","那曲地区","巴青县","拉西镇","玛觉达村"
"54","24","29","101","217","西藏自治区","那曲地区","巴青县","拉西镇","勒玛塘村"
"54","24","29","101","218","西藏自治区","那曲地区","巴青县","拉西镇","察定康村"
"54","24","29","101","219","西藏自治区","那曲地区","巴青县","拉西镇","察瑞岗村"
"54","24","29","101","220","西藏自治区","那曲地区","巴青县","拉西镇","佐雪圭村"
"54","24","29","101","221","西藏自治区","那曲地区","巴青县","拉西镇","贡加久村"
"54","24","29","101","222","西藏自治区","那曲地区","巴青县","拉西镇","巴嘎囊村"
"54","24","29","101","223","西藏自治区","那曲地区","巴青县","拉西镇","隆用囊村"
"54","24","29","101","224","西藏自治区","那曲地区","巴青县","拉西镇","热囊村"
"54","24","29","101","225","西藏自治区","那曲地区","巴青县","拉西镇","瓦琼村"
"54","24","29","102","001","西藏自治区","那曲地区","巴青县","杂色镇","改玛塘"
"54","24","29","102","201","西藏自治区","那曲地区","巴青县","杂色镇","夺昌村"
"54","24","29","102","202","西藏自治区","那曲地区","巴青县","杂色镇","堆姆达村"
"54","24","29","102","203","西藏自治区","那曲地区","巴青县","杂色镇","扎孔果村"
"54","24","29","102","204","西藏自治区","那曲地区","巴青县","杂色镇","查斯囊村"
"54","24","29","102","205","西藏自治区","那曲地区","巴青县","杂色镇","莲乃塘村"
"54","24","29","102","206","西藏自治区","那曲地区","巴青县","杂色镇","热惹塘村"
"54","24","29","102","207","西藏自治区","那曲地区","巴青县","杂色镇","格如塘村"
"54","24","29","102","208","西藏自治区","那曲地区","巴青县","杂色镇","玛斯松多村"
"54","24","29","102","209","西藏自治区","那曲地区","巴青县","杂色镇","真达村"
"54","24","29","102","210","西藏自治区","那曲地区","巴青县","杂色镇","郭雄帕村"
"54","24","29","102","211","西藏自治区","那曲地区","巴青县","杂色镇","塔隆塘村"
"54","24","29","102","212","西藏自治区","那曲地区","巴青县","杂色镇","杂德改村"
"54","24","29","102","213","西藏自治区","那曲地区","巴青县","杂色镇","曲藏卡村"
"54","24","29","102","214","西藏自治区","那曲地区","巴青县","杂色镇","许秀达村"
"54","24","29","102","215","西藏自治区","那曲地区","巴青县","杂色镇","夺加村"
"54","24","29","102","216","西藏自治区","那曲地区","巴青县","杂色镇","格加村"
"54","24","29","102","217","西藏自治区","那曲地区","巴青县","杂色镇","拉普亚唐村"
"54","24","29","102","218","西藏自治区","那曲地区","巴青县","杂色镇","吾松松多村"
"54","24","29","102","219","西藏自治区","那曲地区","巴青县","杂色镇","格庆达村"
"54","24","29","102","220","西藏自治区","那曲地区","巴青县","杂色镇","拉隆达村"
"54","24","29","102","221","西藏自治区","那曲地区","巴青县","杂色镇","嘎隆达村"
"54","24","29","102","222","西藏自治区","那曲地区","巴青县","杂色镇","底庆达村"
"54","24","29","102","223","西藏自治区","那曲地区","巴青县","杂色镇","卡会达村"
"54","24","29","102","224","西藏自治区","那曲地区","巴青县","杂色镇","梅帕塘村"
"54","24","29","102","225","西藏自治区","那曲地区","巴青县","杂色镇","拉普玛塘村"
"54","24","29","102","226","西藏自治区","那曲地区","巴青县","杂色镇","岗巴塘村"
"54","24","29","200","201","西藏自治区","那曲地区","巴青县","江绵乡","玛钦格村"
"54","24","29","200","202","西藏自治区","那曲地区","巴青县","江绵乡","察曲松多村"
"54","24","29","200","203","西藏自治区","那曲地区","巴青县","江绵乡","门普地亚村"
"54","24","29","200","204","西藏自治区","那曲地区","巴青县","江绵乡","桑雄底玛村"
"54","24","29","200","205","西藏自治区","那曲地区","巴青县","江绵乡","多崩塘村"
"54","24","29","200","206","西藏自治区","那曲地区","巴青县","江绵乡","贡钦村"
"54","24","29","200","207","西藏自治区","那曲地区","巴青县","江绵乡","古汝卡村"
"54","24","29","200","208","西藏自治区","那曲地区","巴青县","江绵乡","其木库村"
"54","24","29","200","209","西藏自治区","那曲地区","巴青县","江绵乡","门热达村"
"54","24","29","200","210","西藏自治区","那曲地区","巴青县","江绵乡","坡荣塘村"
"54","24","29","200","211","西藏自治区","那曲地区","巴青县","江绵乡","索日亚那村"
"54","24","29","200","212","西藏自治区","那曲地区","巴青县","江绵乡","尼普庆村"
"54","24","29","200","213","西藏自治区","那曲地区","巴青县","江绵乡","玛尼央嘎村"
"54","24","29","200","214","西藏自治区","那曲地区","巴青县","江绵乡","帕布达村"
"54","24","29","200","215","西藏自治区","那曲地区","巴青县","江绵乡","帕觉央日村"
"54","24","29","200","216","西藏自治区","那曲地区","巴青县","江绵乡","夏汝卡多村"
"54","24","29","201","201","西藏自治区","那曲地区","巴青县","岗切乡","纳贡村"
"54","24","29","201","202","西藏自治区","那曲地区","巴青县","岗切乡","拉玛囊村"
"54","24","29","201","203","西藏自治区","那曲地区","巴青县","岗切乡","格拉村"
"54","24","29","201","204","西藏自治区","那曲地区","巴青县","岗切乡","休秀贡玛村"
"54","24","29","201","205","西藏自治区","那曲地区","巴青县","岗切乡","沃庆村"
"54","24","29","201","206","西藏自治区","那曲地区","巴青县","岗切乡","沃琼村"
"54","24","29","201","207","西藏自治区","那曲地区","巴青县","岗切乡","卡吉松多村"
"54","24","29","201","208","西藏自治区","那曲地区","巴青县","岗切乡","央培村"
"54","24","29","201","209","西藏自治区","那曲地区","巴青县","岗切乡","德崩村"
"54","24","29","201","210","西藏自治区","那曲地区","巴青县","岗切乡","伦布雄村"
"54","24","29","201","211","西藏自治区","那曲地区","巴青县","岗切乡","亭瓦达村"
"54","24","29","201","212","西藏自治区","那曲地区","巴青县","岗切乡","贡庆村"
"54","24","29","201","213","西藏自治区","那曲地区","巴青县","岗切乡","切塘村"
"54","24","29","201","214","西藏自治区","那曲地区","巴青县","岗切乡","拉迦村"
"54","24","29","201","215","西藏自治区","那曲地区","巴青县","岗切乡","吉隆郭村"
"54","24","29","201","216","西藏自治区","那曲地区","巴青县","岗切乡","莎嘎库村"
"54","24","29","202","201","西藏自治区","那曲地区","巴青县","巴青乡","尤庆村"
"54","24","29","202","202","西藏自治区","那曲地区","巴青县","巴青乡","江亭贡村"
"54","24","29","202","203","西藏自治区","那曲地区","巴青县","巴青乡","曲丹卡村"
"54","24","29","202","204","西藏自治区","那曲地区","巴青县","巴青乡","杂隆塘村"
"54","24","29","202","205","西藏自治区","那曲地区","巴青县","巴青乡","秀直玛村"
"54","24","29","202","206","西藏自治区","那曲地区","巴青县","巴青乡","达杂囊村"
"54","24","29","202","207","西藏自治区","那曲地区","巴青县","巴青乡","吉中卡村"
"54","24","29","202","208","西藏自治区","那曲地区","巴青县","巴青乡","巴索过村"
"54","24","29","202","209","西藏自治区","那曲地区","巴青县","巴青乡","改恰卡村"
"54","24","29","203","201","西藏自治区","那曲地区","巴青县","阿秀乡","察荣塘村"
"54","24","29","203","202","西藏自治区","那曲地区","巴青县","阿秀乡","聂钦村"
"54","24","29","203","203","西藏自治区","那曲地区","巴青县","阿秀乡","米次卡村"
"54","24","29","203","204","西藏自治区","那曲地区","巴青县","阿秀乡","多吉塘村"
"54","24","29","203","205","西藏自治区","那曲地区","巴青县","阿秀乡","直汝村"
"54","24","29","203","206","西藏自治区","那曲地区","巴青县","阿秀乡","布通村"
"54","24","29","203","207","西藏自治区","那曲地区","巴青县","阿秀乡","沃斯村"
"54","24","29","203","208","西藏自治区","那曲地区","巴青县","阿秀乡","索楚库村"
"54","24","29","203","209","西藏自治区","那曲地区","巴青县","阿秀乡","达麦村"
"54","24","29","203","210","西藏自治区","那曲地区","巴青县","阿秀乡","白让塘村"
"54","24","29","203","211","西藏自治区","那曲地区","巴青县","阿秀乡","崩钦村"
"54","24","29","204","201","西藏自治区","那曲地区","巴青县","玛如乡","格庆改村"
"54","24","29","204","202","西藏自治区","那曲地区","巴青县","玛如乡","扎若改村"
"54","24","29","204","203","西藏自治区","那曲地区","巴青县","玛如乡","格隆改村"
"54","24","29","204","204","西藏自治区","那曲地区","巴青县","玛如乡","隆庆村"
"54","24","29","204","205","西藏自治区","那曲地区","巴青县","玛如乡","曲仲村"
"54","24","29","204","206","西藏自治区","那曲地区","巴青县","玛如乡","热钦达村"
"54","24","29","204","207","西藏自治区","那曲地区","巴青县","玛如乡","帮玉囊村"
"54","24","29","204","208","西藏自治区","那曲地区","巴青县","玛如乡","多布囊村"
"54","24","29","204","209","西藏自治区","那曲地区","巴青县","玛如乡","查苏村"
"54","24","29","204","210","西藏自治区","那曲地区","巴青县","玛如乡","岗琼达村"
"54","24","29","204","211","西藏自治区","那曲地区","巴青县","玛如乡","岗庆达村"
"54","24","29","204","212","西藏自治区","那曲地区","巴青县","玛如乡","扎贡达村"
"54","24","29","204","213","西藏自治区","那曲地区","巴青县","玛如乡","杂钦普村"
"54","24","29","204","214","西藏自治区","那曲地区","巴青县","玛如乡","杂如卡村"
"54","24","29","204","215","西藏自治区","那曲地区","巴青县","玛如乡","坡钦村"
"54","24","29","204","216","西藏自治区","那曲地区","巴青县","玛如乡","改迦卡村"
"54","24","29","204","217","西藏自治区","那曲地区","巴青县","玛如乡","杂钦达村"
"54","24","29","204","218","西藏自治区","那曲地区","巴青县","玛如乡","曲古村"
"54","24","29","205","201","西藏自治区","那曲地区","巴青县","本塔乡","察岗卡村"
"54","24","29","205","202","西藏自治区","那曲地区","巴青县","本塔乡","改莫囊村"
"54","24","29","205","203","西藏自治区","那曲地区","巴青县","本塔乡","改莫达村"
"54","24","29","205","204","西藏自治区","那曲地区","巴青县","本塔乡","曲格囊村"
"54","24","29","205","205","西藏自治区","那曲地区","巴青县","本塔乡","曲仲村"
"54","24","29","205","206","西藏自治区","那曲地区","巴青县","本塔乡","色木村"
"54","24","29","205","207","西藏自治区","那曲地区","巴青县","本塔乡","延莫村"
"54","24","29","205","208","西藏自治区","那曲地区","巴青县","本塔乡","其康瓦玛村"
"54","24","29","205","209","西藏自治区","那曲地区","巴青县","本塔乡","玛琼村"
"54","24","29","205","210","西藏自治区","那曲地区","巴青县","本塔乡","米相松多村"
"54","24","29","206","201","西藏自治区","那曲地区","巴青县","贡日乡","玛紫村"
"54","24","29","206","202","西藏自治区","那曲地区","巴青县","贡日乡","色雄改村"
"54","24","29","206","203","西藏自治区","那曲地区","巴青县","贡日乡","栋雄郭村"
"54","24","29","206","204","西藏自治区","那曲地区","巴青县","贡日乡","杂日尼瓦村"
"54","24","29","206","205","西藏自治区","那曲地区","巴青县","贡日乡","热赤雄村"
"54","24","30","100","001","西藏自治区","那曲地区","尼玛县","尼玛镇","木Q热色"
"54","24","30","100","201","西藏自治区","那曲地区","尼玛县","尼玛镇","鲁根村"
"54","24","30","100","202","西藏自治区","那曲地区","尼玛县","尼玛镇","玉加村"
"54","24","30","100","203","西藏自治区","那曲地区","尼玛县","尼玛镇","塘鲁村"
"54","24","30","100","204","西藏自治区","那曲地区","尼玛县","尼玛镇","吉姆村"
"54","24","30","100","205","西藏自治区","那曲地区","尼玛县","尼玛镇","布岗村"
"54","24","30","100","206","西藏自治区","那曲地区","尼玛县","尼玛镇","措木曲村"
"54","24","30","100","207","西藏自治区","那曲地区","尼玛县","尼玛镇","俄永村"
"54","24","30","100","208","西藏自治区","那曲地区","尼玛县","尼玛镇","障乃村"
"54","24","30","100","209","西藏自治区","那曲地区","尼玛县","尼玛镇","曲巴村"
"54","24","30","100","210","西藏自治区","那曲地区","尼玛县","尼玛镇","德布俄日村"
"54","24","30","200","001","西藏自治区","那曲地区","尼玛县","文布乡","南"
"54","24","30","200","201","西藏自治区","那曲地区","尼玛县","文布乡","北村"
"54","24","30","201","201","西藏自治区","那曲地区","尼玛县","中仓乡","贡玛村"
"54","24","30","201","202","西藏自治区","那曲地区","尼玛县","中仓乡","索俄布村"
"54","24","30","201","203","西藏自治区","那曲地区","尼玛县","中仓乡","夏隆村"
"54","24","30","201","204","西藏自治区","那曲地区","尼玛县","中仓乡","央龙曲帕村"
"54","24","30","201","205","西藏自治区","那曲地区","尼玛县","中仓乡","那来村"
"54","24","30","201","206","西藏自治区","那曲地区","尼玛县","中仓乡","乃仁当果村"
"54","24","30","201","207","西藏自治区","那曲地区","尼玛县","中仓乡","日玛村"
"54","24","30","201","208","西藏自治区","那曲地区","尼玛县","中仓乡","卡公村"
"54","24","30","202","201","西藏自治区","那曲地区","尼玛县","卓瓦乡","过交村"
"54","24","30","202","202","西藏自治区","那曲地区","尼玛县","卓瓦乡","多木热村"
"54","24","30","202","203","西藏自治区","那曲地区","尼玛县","卓瓦乡","宗吉杰村"
"54","24","30","202","204","西藏自治区","那曲地区","尼玛县","卓瓦乡","亚卡村"
"54","24","30","202","205","西藏自治区","那曲地区","尼玛县","卓瓦乡","鲁仁村"
"54","24","30","202","206","西藏自治区","那曲地区","尼玛县","卓瓦乡","那巴村"
"54","24","30","203","201","西藏自治区","那曲地区","尼玛县","卓尼乡","松多村"
"54","24","30","203","202","西藏自治区","那曲地区","尼玛县","卓尼乡","格玛村"
"54","24","30","203","203","西藏自治区","那曲地区","尼玛县","卓尼乡","来差村"
"54","24","30","203","204","西藏自治区","那曲地区","尼玛县","卓尼乡","卡果村"
"54","24","30","203","205","西藏自治区","那曲地区","尼玛县","卓尼乡","赛那村"
"54","24","30","203","206","西藏自治区","那曲地区","尼玛县","卓尼乡","果迁村"
"54","24","30","204","201","西藏自治区","那曲地区","尼玛县","吉瓦乡","热日村"
"54","24","30","204","202","西藏自治区","那曲地区","尼玛县","吉瓦乡","左林村"
"54","24","30","204","203","西藏自治区","那曲地区","尼玛县","吉瓦乡","色来村"
"54","24","30","204","204","西藏自治区","那曲地区","尼玛县","吉瓦乡","鲁康村"
"54","24","30","204","205","西藏自治区","那曲地区","尼玛县","吉瓦乡","德那村"
"54","24","30","204","206","西藏自治区","那曲地区","尼玛县","吉瓦乡","卡觉村"
"54","24","30","204","207","西藏自治区","那曲地区","尼玛县","吉瓦乡","玛来村"
"54","24","30","205","201","西藏自治区","那曲地区","尼玛县","甲谷乡","过扎村"
"54","24","30","205","202","西藏自治区","那曲地区","尼玛县","甲谷乡","达热村"
"54","24","30","205","203","西藏自治区","那曲地区","尼玛县","甲谷乡","东隆村"
"54","24","30","205","204","西藏自治区","那曲地区","尼玛县","甲谷乡","曲米村"
"54","24","30","205","205","西藏自治区","那曲地区","尼玛县","甲谷乡","折乡村"
"54","24","30","205","206","西藏自治区","那曲地区","尼玛县","甲谷乡","载那村"
"54","24","30","205","207","西藏自治区","那曲地区","尼玛县","甲谷乡","吉松村"
"54","24","30","206","201","西藏自治区","那曲地区","尼玛县","阿索乡","亚荣村"
"54","24","30","206","202","西藏自治区","那曲地区","尼玛县","阿索乡","空隆村"
"54","24","30","206","203","西藏自治区","那曲地区","尼玛县","阿索乡","扎欧茶翁村"
"54","24","30","206","204","西藏自治区","那曲地区","尼玛县","阿索乡","曲参村"
"54","24","30","207","201","西藏自治区","那曲地区","尼玛县","俄久乡","退雄加村"
"54","24","30","207","202","西藏自治区","那曲地区","尼玛县","俄久乡","吴嘎尔村"
"54","24","30","207","203","西藏自治区","那曲地区","尼玛县","俄久乡","俄索村"
"54","24","30","207","204","西藏自治区","那曲地区","尼玛县","俄久乡","玛迁村"
"54","24","30","208","201","西藏自治区","那曲地区","尼玛县","荣玛乡","藏曲村"
"54","24","30","208","202","西藏自治区","那曲地区","尼玛县","荣玛乡","洁玲加东村"
"54","24","30","209","001","西藏自治区","那曲地区","尼玛县","达果乡","鲁玛俄布"
"54","24","30","209","201","西藏自治区","那曲地区","尼玛县","达果乡","多玛村"
"54","24","30","209","202","西藏自治区","那曲地区","尼玛县","达果乡","洁热村"
"54","24","30","210","201","西藏自治区","那曲地区","尼玛县","申亚乡","嘎青村"
"54","24","30","210","202","西藏自治区","那曲地区","尼玛县","申亚乡","石康村"
"54","24","30","210","203","西藏自治区","那曲地区","尼玛县","申亚乡","白尔瓦村"
"54","24","30","210","204","西藏自治区","那曲地区","尼玛县","申亚乡","格玛罗玛村"
"54","24","30","210","205","西藏自治区","那曲地区","尼玛县","申亚乡","甲隆村"
"54","24","30","210","206","西藏自治区","那曲地区","尼玛县","申亚乡","康琼村"
"54","24","30","211","201","西藏自治区","那曲地区","尼玛县","来多乡","抗达村"
"54","24","30","211","202","西藏自治区","那曲地区","尼玛县","来多乡","土那村"
"54","24","30","211","203","西藏自治区","那曲地区","尼玛县","来多乡","多康巴村"
"54","24","30","211","204","西藏自治区","那曲地区","尼玛县","来多乡","来无据村"
"54","24","30","211","205","西藏自治区","那曲地区","尼玛县","来多乡","东赛村"
"54","24","30","211","206","西藏自治区","那曲地区","尼玛县","来多乡","谢那村"
"54","24","30","212","201","西藏自治区","那曲地区","尼玛县","军仓乡","谷寨村"
"54","24","30","212","202","西藏自治区","那曲地区","尼玛县","军仓乡","鲁玛那荣村"
"54","24","30","212","203","西藏自治区","那曲地区","尼玛县","军仓乡","尼玛隆村"
"54","24","30","212","204","西藏自治区","那曲地区","尼玛县","军仓乡","砂来村"
"54","24","30","212","205","西藏自治区","那曲地区","尼玛县","军仓乡","尼隆村"
"54","24","31","100","201","西藏自治区","那曲地区","双湖县","措折罗玛镇","克那村"
"54","24","31","100","202","西藏自治区","那曲地区","双湖县","措折罗玛镇","申亚扎地村"
"54","24","31","100","203","西藏自治区","那曲地区","双湖县","措折罗玛镇","牛维改栋村"
"54","24","31","100","204","西藏自治区","那曲地区","双湖县","措折罗玛镇","罗玛尼直村"
"54","24","31","100","205","西藏自治区","那曲地区","双湖县","措折罗玛镇","曾康村"
"54","24","31","100","206","西藏自治区","那曲地区","双湖县","措折罗玛镇","佳隆村"
"54","24","31","100","207","西藏自治区","那曲地区","双湖县","措折罗玛镇","空隆村"
"54","24","31","100","208","西藏自治区","那曲地区","双湖县","措折罗玛镇","加吾村"
"54","24","31","200","201","西藏自治区","那曲地区","双湖县","协德乡","达吾玛宗村"
"54","24","31","200","202","西藏自治区","那曲地区","双湖县","协德乡","昂白底布村"
"54","24","31","200","203","西藏自治区","那曲地区","双湖县","协德乡","奇那嘎巴村"
"54","24","31","200","204","西藏自治区","那曲地区","双湖县","协德乡","鲁玛扎村"
"54","24","31","200","205","西藏自治区","那曲地区","双湖县","协德乡","祖姆村"
"54","24","31","201","201","西藏自治区","那曲地区","双湖县","雅曲乡","依根索村"
"54","24","31","201","202","西藏自治区","那曲地区","双湖县","雅曲乡","雅尼曲隆村"
"54","24","31","201","203","西藏自治区","那曲地区","双湖县","雅曲乡","确尔村"
"54","24","31","201","204","西藏自治区","那曲地区","双湖县","雅曲乡","渡日村"
"54","24","31","202","201","西藏自治区","那曲地区","双湖县","嘎措乡","玛威荣那村"
"54","24","31","202","202","西藏自治区","那曲地区","双湖县","嘎措乡","瓦日香琼村"
"54","24","31","203","201","西藏自治区","那曲地区","双湖县","措折强玛乡","查仓村"
"54","24","31","203","202","西藏自治区","那曲地区","双湖县","措折强玛乡","挪贵措果村"
"54","24","31","203","203","西藏自治区","那曲地区","双湖县","措折强玛乡","才玛荣村"
"54","24","31","204","201","西藏自治区","那曲地区","双湖县","多玛乡","仲鲁玛村"
"54","24","31","204","202","西藏自治区","那曲地区","双湖县","多玛乡","果根擦曲村"
"54","24","31","204","203","西藏自治区","那曲地区","双湖县","多玛乡","萨那沃村"
"54","24","31","204","204","西藏自治区","那曲地区","双湖县","多玛乡","拉加鲁玛村"
"54","24","31","204","205","西藏自治区","那曲地区","双湖县","多玛乡","Q喀玛村"
"54","24","31","205","201","西藏自治区","那曲地区","双湖县","巴岭乡","达威村"
"54","24","31","205","202","西藏自治区","那曲地区","双湖县","巴岭乡","麦相村"
"54","24","31","205","203","西藏自治区","那曲地区","双湖县","巴岭乡","格拉俄东村"
"54","24","31","205","204","西藏自治区","那曲地区","双湖县","巴岭乡","拉玛布村"
"54","25","21","100","001","西藏自治区","阿里地区","普兰县","普兰镇","吉让"
"54","25","21","100","201","西藏自治区","阿里地区","普兰县","普兰镇","多油村"
"54","25","21","100","202","西藏自治区","阿里地区","普兰县","普兰镇","仁贡村"
"54","25","21","100","203","西藏自治区","阿里地区","普兰县","普兰镇","西德村"
"54","25","21","100","204","西藏自治区","阿里地区","普兰县","普兰镇","科加村"
"54","25","21","100","205","西藏自治区","阿里地区","普兰县","普兰镇","赤德村"
"54","25","21","200","201","西藏自治区","阿里地区","普兰县","巴嘎乡","岗莎村"
"54","25","21","200","202","西藏自治区","阿里地区","普兰县","巴嘎乡","雄巴村"
"54","25","21","201","201","西藏自治区","阿里地区","普兰县","霍尔乡","贡珠村"
"54","25","21","201","202","西藏自治区","阿里地区","普兰县","霍尔乡","帮仁村"
"54","25","22","100","001","西藏自治区","阿里地区","札达县","托林镇","托林"
"54","25","22","100","201","西藏自治区","阿里地区","札达县","托林镇","波林村"
"54","25","22","100","202","西藏自治区","阿里地区","札达县","托林镇","东嘎村"
"54","25","22","200","201","西藏自治区","阿里地区","札达县","萨让乡","萨让村"
"54","25","22","200","202","西藏自治区","阿里地区","札达县","萨让乡","日巴村"
"54","25","22","201","201","西藏自治区","阿里地区","札达县","达巴乡","达巴村"
"54","25","22","201","202","西藏自治区","阿里地区","札达县","达巴乡","东波村"
"54","25","22","201","203","西藏自治区","阿里地区","札达县","达巴乡","曲龙村"
"54","25","22","202","201","西藏自治区","阿里地区","札达县","底雅乡","鲁巴村"
"54","25","22","202","202","西藏自治区","阿里地区","札达县","底雅乡","什布奇村"
"54","25","22","202","203","西藏自治区","阿里地区","札达县","底雅乡","底雅村"
"54","25","22","203","201","西藏自治区","阿里地区","札达县","香孜乡","香孜村"
"54","25","22","203","202","西藏自治区","阿里地区","札达县","香孜乡","热布加林村"
"54","25","22","204","201","西藏自治区","阿里地区","札达县","曲松乡","曲木底村"
"54","25","22","205","201","西藏自治区","阿里地区","札达县","楚鲁松杰乡","楚松村"
"54","25","22","205","202","西藏自治区","阿里地区","札达县","楚鲁松杰乡","巴卡村"
"54","25","23","100","001","西藏自治区","阿里地区","噶尔县","狮泉河镇","森格"
"54","25","23","100","002","西藏自治区","阿里地区","噶尔县","狮泉河镇","藏布"
"54","25","23","100","201","西藏自治区","阿里地区","噶尔县","狮泉河镇","加木村"
"54","25","23","200","201","西藏自治区","阿里地区","噶尔县","昆莎乡","索麦村"
"54","25","23","200","202","西藏自治区","阿里地区","噶尔县","昆莎乡","噶尔新村"
"54","25","23","200","203","西藏自治区","阿里地区","噶尔县","昆莎乡","那木如村"
"54","25","23","201","201","西藏自治区","阿里地区","噶尔县","左左乡","上左左村"
"54","25","23","201","202","西藏自治区","阿里地区","噶尔县","左左乡","下左左村"
"54","25","23","201","203","西藏自治区","阿里地区","噶尔县","左左乡","朗久村"
"54","25","23","202","201","西藏自治区","阿里地区","噶尔县","门士乡","门士村"
"54","25","23","202","202","西藏自治区","阿里地区","噶尔县","门士乡","索多村"
"54","25","23","203","201","西藏自治区","阿里地区","噶尔县","扎西岗乡","扎西岗村"
"54","25","23","203","202","西藏自治区","阿里地区","噶尔县","扎西岗乡","鲁玛村"
"54","25","23","203","203","西藏自治区","阿里地区","噶尔县","扎西岗乡","典角村"
"54","25","24","100","001","西藏自治区","阿里地区","日土县","日土镇","杰果桑"
"54","25","24","100","201","西藏自治区","阿里地区","日土县","日土镇","日土村"
"54","25","24","100","202","西藏自治区","阿里地区","日土县","日土镇","热角村"
"54","25","24","200","201","西藏自治区","阿里地区","日土县","热帮乡","龙门卡村"
"54","25","24","200","202","西藏自治区","阿里地区","日土县","热帮乡","扎普村"
"54","25","24","200","203","西藏自治区","阿里地区","日土县","热帮乡","丁则村"
"54","25","24","201","201","西藏自治区","阿里地区","日土县","日松乡","德汝村"
"54","25","24","201","202","西藏自治区","阿里地区","日土县","日松乡","甲岗村"
"54","25","24","201","203","西藏自治区","阿里地区","日土县","日松乡","过巴村"
"54","25","24","202","201","西藏自治区","阿里地区","日土县","东汝乡","阿汝村"
"54","25","24","202","202","西藏自治区","阿里地区","日土县","东汝乡","松西村"
"54","25","24","202","203","西藏自治区","阿里地区","日土县","东汝乡","东汝村"
"54","25","24","203","201","西藏自治区","阿里地区","日土县","多玛乡","多玛村"
"54","25","24","203","202","西藏自治区","阿里地区","日土县","多玛乡","乌江村"
"54","25","25","100","001","西藏自治区","阿里地区","革吉县","革吉镇","那普"
"54","25","25","100","201","西藏自治区","阿里地区","革吉县","革吉镇","加布村"
"54","25","25","100","202","西藏自治区","阿里地区","革吉县","革吉镇","布贡村"
"54","25","25","100","203","西藏自治区","阿里地区","革吉县","革吉镇","康巴列村"
"54","25","25","100","204","西藏自治区","阿里地区","革吉县","革吉镇","森布村"
"54","25","25","100","205","西藏自治区","阿里地区","革吉县","革吉镇","公前村"
"54","25","25","100","206","西藏自治区","阿里地区","革吉县","革吉镇","芒拉村"
"54","25","25","200","201","西藏自治区","阿里地区","革吉县","雄巴乡","多仁村"
"54","25","25","200","202","西藏自治区","阿里地区","革吉县","雄巴乡","加吾村"
"54","25","25","200","203","西藏自治区","阿里地区","革吉县","雄巴乡","巴措村"
"54","25","25","200","204","西藏自治区","阿里地区","革吉县","雄巴乡","结克村"
"54","25","25","201","201","西藏自治区","阿里地区","革吉县","亚热乡","却藏村"
"54","25","25","201","202","西藏自治区","阿里地区","革吉县","亚热乡","夏玛村"
"54","25","25","201","203","西藏自治区","阿里地区","革吉县","亚热乡","罗玛村"
"54","25","25","201","204","西藏自治区","阿里地区","革吉县","亚热乡","羌玛村"
"54","25","25","201","205","西藏自治区","阿里地区","革吉县","亚热乡","赛利普村"
"54","25","25","202","201","西藏自治区","阿里地区","革吉县","盐湖乡","羌堆村"
"54","25","25","202","202","西藏自治区","阿里地区","革吉县","盐湖乡","羌麦村"
"54","25","25","203","201","西藏自治区","阿里地区","革吉县","文布当桑乡","罗玛村"
"54","25","25","203","202","西藏自治区","阿里地区","革吉县","文布当桑乡","夏玛村"
"54","25","26","100","001","西藏自治区","阿里地区","改则县","改则镇","鲁仁"
"54","25","26","100","201","西藏自治区","阿里地区","改则县","改则镇","玉多村"
"54","25","26","100","202","西藏自治区","阿里地区","改则县","改则镇","日玛村"
"54","25","26","200","201","西藏自治区","阿里地区","改则县","物玛乡","抢古村"
"54","25","26","200","202","西藏自治区","阿里地区","改则县","物玛乡","达热村"
"54","25","26","200","203","西藏自治区","阿里地区","改则县","物玛乡","本松村"
"54","25","26","200","204","西藏自治区","阿里地区","改则县","物玛乡","根琼村"
"54","25","26","200","205","西藏自治区","阿里地区","改则县","物玛乡","布孜村"
"54","25","26","200","206","西藏自治区","阿里地区","改则县","物玛乡","萨玛隆村"
"54","25","26","200","207","西藏自治区","阿里地区","改则县","物玛乡","扎多那日村"
"54","25","26","201","201","西藏自治区","阿里地区","改则县","先遣乡","热雄村"
"54","25","26","201","202","西藏自治区","阿里地区","改则县","先遣乡","巴热村"
"54","25","26","201","203","西藏自治区","阿里地区","改则县","先遣乡","德布康绕村"
"54","25","26","201","204","西藏自治区","阿里地区","改则县","先遣乡","那日松巴村"
"54","25","26","201","205","西藏自治区","阿里地区","改则县","先遣乡","玛果村"
"54","25","26","201","206","西藏自治区","阿里地区","改则县","先遣乡","扎布村"
"54","25","26","202","201","西藏自治区","阿里地区","改则县","麻米乡","茶措村"
"54","25","26","202","202","西藏自治区","阿里地区","改则县","麻米乡","定昌村"
"54","25","26","202","203","西藏自治区","阿里地区","改则县","麻米乡","次吾嘎木村"
"54","25","26","202","204","西藏自治区","阿里地区","改则县","麻米乡","古昌村"
"54","25","26","202","205","西藏自治区","阿里地区","改则县","麻米乡","吓夏村"
"54","25","26","202","206","西藏自治区","阿里地区","改则县","麻米乡","热扎村"
"54","25","26","202","207","西藏自治区","阿里地区","改则县","麻米乡","克勤村"
"54","25","26","202","208","西藏自治区","阿里地区","改则县","麻米乡","吴青村"
"54","25","26","202","209","西藏自治区","阿里地区","改则县","麻米乡","那木切村"
"54","25","26","202","210","西藏自治区","阿里地区","改则县","麻米乡","行勤村"
"54","25","26","203","201","西藏自治区","阿里地区","改则县","洞措乡","洞措村"
"54","25","26","203","202","西藏自治区","阿里地区","改则县","洞措乡","次日果来村"
"54","25","26","203","203","西藏自治区","阿里地区","改则县","洞措乡","确登村"
"54","25","26","203","204","西藏自治区","阿里地区","改则县","洞措乡","那木起村"
"54","25","26","203","205","西藏自治区","阿里地区","改则县","洞措乡","夏龙村"
"54","25","26","204","201","西藏自治区","阿里地区","改则县","古姆乡","森多村"
"54","25","26","204","202","西藏自治区","阿里地区","改则县","古姆乡","岗如村"
"54","25","26","204","203","西藏自治区","阿里地区","改则县","古姆乡","珠玛日村"
"54","25","26","205","201","西藏自治区","阿里地区","改则县","察布乡","曾康村"
"54","25","26","205","202","西藏自治区","阿里地区","改则县","察布乡","龙桑村"
"54","25","26","205","203","西藏自治区","阿里地区","改则县","察布乡","察布村"
"54","25","26","205","204","西藏自治区","阿里地区","改则县","察布乡","通那村"
"54","25","26","205","205","西藏自治区","阿里地区","改则县","察布乡","卡江玛村"
"54","25","26","205","206","西藏自治区","阿里地区","改则县","察布乡","丁固村"
"54","25","26","205","207","西藏自治区","阿里地区","改则县","察布乡","牛嘎修村"
"54","25","26","205","208","西藏自治区","阿里地区","改则县","察布乡","多玛村"
"54","25","26","205","209","西藏自治区","阿里地区","改则县","察布乡","扎美仁村"
"54","25","26","205","210","西藏自治区","阿里地区","改则县","察布乡","玛日玛村"
"54","25","26","205","211","西藏自治区","阿里地区","改则县","察布乡","果查村"
"54","25","26","205","212","西藏自治区","阿里地区","改则县","察布乡","珠江玛村"
"54","25","26","205","213","西藏自治区","阿里地区","改则县","察布乡","木布村"
"54","25","26","205","214","西藏自治区","阿里地区","改则县","察布乡","玛木卓玛村"
"54","25","27","100","001","西藏自治区","阿里地区","措勤县","措勤镇","门东"
"54","25","27","100","201","西藏自治区","阿里地区","措勤县","措勤镇","达东村"
"54","25","27","100","202","西藏自治区","阿里地区","措勤县","措勤镇","曲强村"
"54","25","27","100","203","西藏自治区","阿里地区","措勤县","措勤镇","措勤村"
"54","25","27","200","201","西藏自治区","阿里地区","措勤县","磁石乡","刀青村"
"54","25","27","200","202","西藏自治区","阿里地区","措勤县","磁石乡","尼龙村"
"54","25","27","200","203","西藏自治区","阿里地区","措勤县","磁石乡","格玛村"
"54","25","27","200","204","西藏自治区","阿里地区","措勤县","磁石乡","加绕村"
"54","25","27","201","201","西藏自治区","阿里地区","措勤县","曲洛乡","赤玛村"
"54","25","27","201","202","西藏自治区","阿里地区","措勤县","曲洛乡","雄玛村"
"54","25","27","201","203","西藏自治区","阿里地区","措勤县","曲洛乡","尼雄村"
"54","25","27","201","204","西藏自治区","阿里地区","措勤县","曲洛乡","曲洛村"
"54","25","27","202","201","西藏自治区","阿里地区","措勤县","江让乡","诺仓村"
"54","25","27","202","202","西藏自治区","阿里地区","措勤县","江让乡","美朵村"
"54","25","27","202","203","西藏自治区","阿里地区","措勤县","江让乡","查仓村"
"54","25","27","202","204","西藏自治区","阿里地区","措勤县","江让乡","加荣村"
"54","25","27","202","205","西藏自治区","阿里地区","措勤县","江让乡","珠龙村"
"54","25","27","203","201","西藏自治区","阿里地区","措勤县","达雄乡","夏东村"
"54","25","27","203","202","西藏自治区","阿里地区","措勤县","达雄乡","才扎村"
"54","25","27","203","203","西藏自治区","阿里地区","措勤县","达雄乡","边山村"
"54","25","27","203","204","西藏自治区","阿里地区","措勤县","达雄乡","达瓦村"
